-- MySQL dump 10.13  Distrib 5.5.54, for debian-linux-gnu (x86_64)
--
-- Host: 10.254.94.2    Database: s173960
-- ------------------------------------------------------
-- Server version	5.5.54-0ubuntu0.14.04.1-log

/*!40101 SET @OLD_CHARACTER_SET_CLIENT=@@CHARACTER_SET_CLIENT */;
/*!40101 SET @OLD_CHARACTER_SET_RESULTS=@@CHARACTER_SET_RESULTS */;
/*!40101 SET @OLD_COLLATION_CONNECTION=@@COLLATION_CONNECTION */;
/*!40101 SET NAMES utf8 */;
/*!40103 SET @OLD_TIME_ZONE=@@TIME_ZONE */;
/*!40103 SET TIME_ZONE='+00:00' */;
/*!40014 SET @OLD_UNIQUE_CHECKS=@@UNIQUE_CHECKS, UNIQUE_CHECKS=0 */;
/*!40014 SET @OLD_FOREIGN_KEY_CHECKS=@@FOREIGN_KEY_CHECKS, FOREIGN_KEY_CHECKS=0 */;
/*!40101 SET @OLD_SQL_MODE=@@SQL_MODE, SQL_MODE='NO_AUTO_VALUE_ON_ZERO' */;
/*!40111 SET @OLD_SQL_NOTES=@@SQL_NOTES, SQL_NOTES=0 */;

--
-- Table structure for table `Albumy`
--

DROP TABLE IF EXISTS `Albumy`;
/*!40101 SET @saved_cs_client     = @@character_set_client */;
/*!40101 SET character_set_client = utf8 */;
CREATE TABLE `Albumy` (
  `tytul` varchar(255) NOT NULL DEFAULT '',
  `rok` year(4) NOT NULL DEFAULT '0000',
  `gatunek` varchar(255) DEFAULT NULL,
  `nazwaStudia` varchar(255) DEFAULT NULL,
  `idProducenta` int(11) DEFAULT NULL,
  PRIMARY KEY (`tytul`,`rok`)
) ENGINE=InnoDB DEFAULT CHARSET=latin1;
/*!40101 SET character_set_client = @saved_cs_client */;

--
-- Dumping data for table `Albumy`
--

LOCK TABLES `Albumy` WRITE;
/*!40000 ALTER TABLE `Albumy` DISABLE KEYS */;
/*!40000 ALTER TABLE `Albumy` ENABLE KEYS */;
UNLOCK TABLES;

--
-- Table structure for table `AlbumyWykonawcy`
--

DROP TABLE IF EXISTS `AlbumyWykonawcy`;
/*!40101 SET @saved_cs_client     = @@character_set_client */;
/*!40101 SET character_set_client = utf8 */;
CREATE TABLE `AlbumyWykonawcy` (
  `tytulAlbumu` varchar(255) NOT NULL DEFAULT '',
  `rokAlbumu` year(4) NOT NULL DEFAULT '0000',
  `idWykonawcy` int(11) NOT NULL DEFAULT '0',
  PRIMARY KEY (`tytulAlbumu`,`rokAlbumu`,`idWykonawcy`)
) ENGINE=InnoDB DEFAULT CHARSET=latin1;
/*!40101 SET character_set_client = @saved_cs_client */;

--
-- Dumping data for table `AlbumyWykonawcy`
--

LOCK TABLES `AlbumyWykonawcy` WRITE;
/*!40000 ALTER TABLE `AlbumyWykonawcy` DISABLE KEYS */;
/*!40000 ALTER TABLE `AlbumyWykonawcy` ENABLE KEYS */;
UNLOCK TABLES;

--
-- Table structure for table `Category`
--

DROP TABLE IF EXISTS `Category`;
/*!40101 SET @saved_cs_client     = @@character_set_client */;
/*!40101 SET character_set_client = utf8 */;
CREATE TABLE `Category` (
  `id` int(11) NOT NULL AUTO_INCREMENT,
  `name` varchar(100) COLLATE utf8_unicode_ci NOT NULL,
  PRIMARY KEY (`id`)
) ENGINE=InnoDB AUTO_INCREMENT=13 DEFAULT CHARSET=utf8 COLLATE=utf8_unicode_ci;
/*!40101 SET character_set_client = @saved_cs_client */;

--
-- Dumping data for table `Category`
--

LOCK TABLES `Category` WRITE;
/*!40000 ALTER TABLE `Category` DISABLE KEYS */;
INSERT INTO `Category` VALUES (1,'Komedia'),(2,'Dramat'),(3,'Naukowy'),(4,'Dokumentalny'),(5,'Bollywood'),(6,'Sensacyjny'),(7,'Animacja'),(8,'Horror'),(9,'Kryminalny'),(10,'Thriller'),(11,'Western'),(12,'Sci-fi');
/*!40000 ALTER TABLE `Category` ENABLE KEYS */;
UNLOCK TABLES;

--
-- Table structure for table `Comment`
--

DROP TABLE IF EXISTS `Comment`;
/*!40101 SET @saved_cs_client     = @@character_set_client */;
/*!40101 SET character_set_client = utf8 */;
CREATE TABLE `Comment` (
  `id` int(11) NOT NULL AUTO_INCREMENT,
  `movie_id` int(11) DEFAULT NULL,
  `comment` longtext COLLATE utf8_unicode_ci NOT NULL,
  `nickname` longtext COLLATE utf8_unicode_ci NOT NULL,
  `isAccepted` tinyint(1) NOT NULL,
  PRIMARY KEY (`id`),
  KEY `IDX_5BC96BF08F93B6FC` (`movie_id`),
  CONSTRAINT `FK_5BC96BF08F93B6FC` FOREIGN KEY (`movie_id`) REFERENCES `Movie` (`id`)
) ENGINE=InnoDB AUTO_INCREMENT=11 DEFAULT CHARSET=utf8 COLLATE=utf8_unicode_ci;
/*!40101 SET character_set_client = @saved_cs_client */;

--
-- Dumping data for table `Comment`
--

LOCK TABLES `Comment` WRITE;
/*!40000 ALTER TABLE `Comment` DISABLE KEYS */;
INSERT INTO `Comment` VALUES (1,23,'genialny film! godny obejrzenia ponownie!','dawid',1),(3,38,'Bardzo dobry film!','Piotr',1),(4,10,'Bajucha!','Adam',1),(5,8,'Polecam!','Paweł',1),(6,42,'Jest OK!','Filip',1),(7,41,'Dobry film','Piotr',1),(8,18,'Trochę się zawiodłem, ale cena przystępna.','Michał',1),(9,40,'Zaskakujący film.','Arnold',1),(10,45,'nice','ja',0);
/*!40000 ALTER TABLE `Comment` ENABLE KEYS */;
UNLOCK TABLES;

--
-- Table structure for table `Feed`
--

DROP TABLE IF EXISTS `Feed`;
/*!40101 SET @saved_cs_client     = @@character_set_client */;
/*!40101 SET character_set_client = utf8 */;
CREATE TABLE `Feed` (
  `id` int(11) NOT NULL AUTO_INCREMENT,
  `position_id` int(11) DEFAULT NULL,
  `title` varchar(80) COLLATE utf8_unicode_ci NOT NULL,
  `content` longtext COLLATE utf8_unicode_ci NOT NULL,
  `createdAt` datetime NOT NULL,
  `image_id` int(11) DEFAULT NULL,
  PRIMARY KEY (`id`),
  UNIQUE KEY `UNIQ_8372EB95DD842E46` (`position_id`),
  UNIQUE KEY `UNIQ_8372EB953DA5256D` (`image_id`),
  CONSTRAINT `FK_8372EB953DA5256D` FOREIGN KEY (`image_id`) REFERENCES `Image` (`id`),
  CONSTRAINT `FK_8372EB95DD842E46` FOREIGN KEY (`position_id`) REFERENCES `Position` (`id`)
) ENGINE=InnoDB AUTO_INCREMENT=3 DEFAULT CHARSET=utf8 COLLATE=utf8_unicode_ci;
/*!40101 SET character_set_client = @saved_cs_client */;

--
-- Dumping data for table `Feed`
--

LOCK TABLES `Feed` WRITE;
/*!40000 ALTER TABLE `Feed` DISABLE KEYS */;
INSERT INTO `Feed` VALUES (1,NULL,'ads','dad','2014-12-17 09:11:58',NULL),(2,NULL,'ads','dad','2014-12-17 09:12:01',NULL);
/*!40000 ALTER TABLE `Feed` ENABLE KEYS */;
UNLOCK TABLES;

--
-- Table structure for table `Image`
--

DROP TABLE IF EXISTS `Image`;
/*!40101 SET @saved_cs_client     = @@character_set_client */;
/*!40101 SET character_set_client = utf8 */;
CREATE TABLE `Image` (
  `id` int(11) NOT NULL AUTO_INCREMENT,
  PRIMARY KEY (`id`)
) ENGINE=InnoDB DEFAULT CHARSET=utf8 COLLATE=utf8_unicode_ci;
/*!40101 SET character_set_client = @saved_cs_client */;

--
-- Dumping data for table `Image`
--

LOCK TABLES `Image` WRITE;
/*!40000 ALTER TABLE `Image` DISABLE KEYS */;
/*!40000 ALTER TABLE `Image` ENABLE KEYS */;
UNLOCK TABLES;

--
-- Table structure for table `Movie`
--

DROP TABLE IF EXISTS `Movie`;
/*!40101 SET @saved_cs_client     = @@character_set_client */;
/*!40101 SET character_set_client = utf8 */;
CREATE TABLE `Movie` (
  `id` int(11) NOT NULL AUTO_INCREMENT,
  `category_id` int(11) DEFAULT NULL,
  `title` varchar(255) COLLATE utf8_unicode_ci NOT NULL,
  `slug` varchar(255) COLLATE utf8_unicode_ci NOT NULL,
  `stars` int(11) NOT NULL,
  `aboutmovie` longtext COLLATE utf8_unicode_ci NOT NULL,
  `review` longtext COLLATE utf8_unicode_ci NOT NULL,
  `posterURL` varchar(255) COLLATE utf8_unicode_ci NOT NULL,
  `youtubeURL` varchar(255) COLLATE utf8_unicode_ci NOT NULL,
  `price` decimal(10,2) NOT NULL,
  `released` datetime NOT NULL,
  `createdAt` datetime NOT NULL,
  `director` varchar(255) COLLATE utf8_unicode_ci NOT NULL,
  PRIMARY KEY (`id`),
  KEY `IDX_DC9FDD6B12469DE2` (`category_id`),
  CONSTRAINT `FK_DC9FDD6B12469DE2` FOREIGN KEY (`category_id`) REFERENCES `Category` (`id`)
) ENGINE=InnoDB AUTO_INCREMENT=46 DEFAULT CHARSET=utf8 COLLATE=utf8_unicode_ci;
/*!40101 SET character_set_client = @saved_cs_client */;

--
-- Dumping data for table `Movie`
--

LOCK TABLES `Movie` WRITE;
/*!40000 ALTER TABLE `Movie` DISABLE KEYS */;
INSERT INTO `Movie` VALUES (1,1,'Głupi i głupszy','g-upi-i-g-upszy-1',5,'Pewnego dnia Lloyd Christmas (Jim Carrey), kierowca limuzyny, odwozi na lotnisko Mary, która w ,,roztargnieniu\" zostawia walizkę w terminalu. Ten drobny fakt staje się nieoczekiwanie początkiem wielkiej przygody Lloyd\'a, który postanawia odnaleźć Mary i oddać jej zgubę którą zabrał z lotniska. Współlokator Lloyda, Harry (Jeff Daniels) dorównuje mu inteligencją i mądrością życiową. Natychmiast oferuje mu pomoc i razem wyruszają swoją ciężarówką ,,Psem\" do Aspen, podążając tropem właścicielki bagażu. Ich tropem podąża dwoje ludzi, którzy za wszelką ceną chcą odzyskać walizkę.','Każdy aktor ma swoje początki. Kto by pomyślał, że Jim Carrey, wybitny komik i, jak się później okazało, znakomity aktor dramatyczny mógłby zagrać w komedii o dwóch najgłupszych osobach na świecie, którzy mimo swej miernej inteligencji nadrabiają sprytem i wychodzą z każdych tarapatów w jednym kawałku. Gdyby ktoś pokazał mi zdjęcie idioty bez zęba, z obciachowym strzyżeniem i w pomarańczowym garniturze z cylindrem na głowie, nie powiedziałbym, że ten człowiek to Truman albo Andy Kaufman z \"Człowieka z Księżyca\" Milosa Formana. Daję głowę, że zagranie Lloyda i Harry\'ego w \"Głupim i głupszym\" kosztowało Jeff Danielsa i Jim Carrey\'ego tyle samo artystycznego wysiłku i inwencji, co odtworzenie ról w \"Majestic\", \"Zakochanym bez pamięci\", \"Czułych słówkach\" czy \"Walce żywiołów\". Bo chociaż komedia braci Farrellych razi w pewnych miejscach infantylnością to w gruncie rzeczy jest to zgrabna mieszanka komedii, akcji i kina drogi z pamiętnymi postaciami, głównymi oraz epizodycznymi. \r\n\r\nTen sugestywny tytuł filmu jest jak najbardziej poprawny, bo dwóch kumpli Lloyd i Harry to debile do potęgi entej. Mają idiotyczne zajęcia, nie mają dziewczyn, mieszkają w ruderach. Lloyd jest taksówkarzem, a Harry jeździ samochodem-owczarkiem, wożąc psy do ich rozkapryszonych właścicielek. Dodatkowo zbierają pieniądze na otwarcie \"sklepu z robakami\". Życie Głupiego czyli Harry\'ego i Głupszego czyli Lloyda zmienia się, gdy ten drugi znajduje na lotnisku walizkę, którą zapomniała do samolotu wziąć jego pasażerka Mary Swanson. Chłopaki wyruszają na niezapomnianą wycieczkę do Aspen, aby zwrócić Mary zgubę. W ślad za nimi rusza parka \"złych\", którzy chcą odebrać walizkę i przy okazji dać nauczkę Harry\'emu i Lloydowi. \r\n\r\nZarys fabuły \"Głupiego i głupszego\" to banał. Są dobrzy i są źli. Kibicujemy idiotom, ale to niezwykły komediowy talent Carrey\'ego i Danielsa sprawia, że czujemy do nich sympatię i akceptujemy ich totalnie idiotyczne pomysły. Scenariusz obfituje w niedociągnięcia, ale jego pojedyncze gagi, teksty, bądź nawet całe sekwencje stały się kultowe w dobie VHS w Polsce. Tak chyba zostało do dziś, bo który nastolatek \"wściubiający\" jako bachor nos w telewizor po odpaleniu kasety w magnetowidzie nie kojarzy \"Głupiego i głupszego\". Scena z papryczkami, samochód obłożony psim futrem, \"paputek\" to elementy komediowego kultu. Amerykanie to kochają, choć zgodnie i z racją mają ten film za coś mało wartościowego. W Polsce, wśród krytyków, komedia Farrellych została mocno skrytykowana. Cóż innego mogli poczynić \"nasi\" w latach najwyższej reżyserskiej formy Kieślowskiego i w roku powstania \"Listy Schindlera\" Spielberga? Ja się wychowałem na \"Głupim i głupszym\" i serii \"Superman\" na VHS. Może jestem głupi, tak jak Lloyd i Harry, bo oni nie mieli mózgów, nie mieli kasy, fajnych aut i kobiet. Wydaje mi się, jednak, że znali wartość przyjaźni i mieli poczucie humoru, a to ważniejsze niż... wszystko?','http://1.fwcdn.pl/po/59/94/5994/7175963.3.jpg','I-sndGpjU9g',15.00,'1994-12-06 00:00:00','2012-02-14 00:00:00','Bobby Farrelly, Peter Farrelly'),(2,1,'Głupi i głupszy bardziej','g-upi-i-g-upszy-bardziej-2',4,'Zwariowani przyjaciele udają się na poszukiwania nieślubnej córki Harry\'ego, który potrzebuje przeszczepu nerki.','Choć dopisek w tytule sugeruje, że twórcy przykręcą komediową śrubę, temperatura żartów ma tę samą co dwie dekady temu amplitudę. W myśl zasady \"nic co ludzkie, nie jest mi obce\" Farrelly mieszają kloaczne gagi z czarnym jak węgiel dowcipem, przyprawiając całość szczyptą szlachetnego pure-nonsensu. Absurdalne poczucie humoru braci najlepiej oddaje pomysł, by czołową gwiazdę młodego pokolenia zatrudnić w jednym z najbardziej zakamuflowanych cameo w dziejach kina.','http://1.fwcdn.pl/po/38/21/663821/7657795.3.jpg','I-sndGpjU9g',20.00,'2014-11-14 00:00:00','2015-01-01 00:00:00','Bobby Farrelly, Peter Farrelly'),(3,1,'Głupi, głupszy, najgłupszy','g-upi-g-upszy-najg-upszy-3',3,'Moe, Larry i Curly postanawiają udać się z misją ratunkową do zagrożonego likwidacją ośrodka opiekuńczego, w którym spędzili dzieciństwo.','Polski tytuł nie kłamie. Nowa komedia braci Farrelly jest głupia. I to jak! W jednej ze scen tytułowi bohaterowie trafiają na oddział noworodków, gdzie zamieniają małych pacjentów w żywe pistolety na wodę. W innej postanawiają założyć na polu golfowym \"suchą\" plantację łososi. Nie wspomnę o tym, że regularnie wymierzają sobie plaskacze, tłuką się – czym popadnie – po głowach i genitaliach, a także ranią sobie nawzajem oczy, wbijając w nie środkowy i wskazujący palec.  \r\n\r\nBrzmi jak relacja z sali przesłuchań w więzieniu Guantanamo? Pudło. \"Głupi, głupszy i najgłupszy\" to udany hołd złożony jednej z najstarszych odmian ekranowego humoru – slapstickowi. Gatunek, którego mistrzami byli m.in. Charlie Chaplin, Flip i Flap oraz królik Bugs z resztą ferajny Looney Tunes, od samych narodzin żywił się przerysowaną i absurdalną, a tym samym umowną przemocą. Tylko tu bohater mógł przywitać się bez szwanku z pięciotonowym kowadłem albo laską dynamitu. Film Farrellych to już trzecia w tym roku (po \"Artyście\" i \"Hugonie\" Scorsesego) nostalgiczna podróż do zamierzchłej epoki kina. Worka Oscarów pewnie się nie doczeka, ale jednego nie wolno jej odmówić: bezwarunkowej i czystej jak koszula wyprana w Pervolu miłości do najważniejszej ze sztuk. \r\n\r\nJuż w poprzednich dziełach zdolni braciszkowie udowodnili, że slapstick to ich żywioł. Jednak dopiero teraz uczynili z niego esencję filmu. W każdym gagu – nawet najbardziej obleśnym i obrazoburczym – odbijają się refleksy przeszłości. Z kolei główni bohaterowie  są współczesnymi inkarnacjami legendarnego tria komików, których krótkometrażówki święciły triumfy od lat 30. ubiegłego wieku.  Moe, Larry i Kędzior mają serca o rozmiarach odwrotnie proporcjonalnych do wielkości mózgów. Dlatego, gdy sierociniec, gdzie się wychowali, znajdzie się na skraju bankructwa, przyjaciele bez wahania wyruszą w podróż po brakujące pieniądze. Nim je zdobędą, wpakują się w kryminalną aferę i staną oko w oko z \"Ekipą z Jersey\". \r\n\r\nTo właśnie spotkanie z tymi ostatnimi wydaje mi się najbardziej symbolicznym fragmentem filmu. Farrelly zderzają ze sobą wyciągniętych z lamusa poczciwych kretynów i agresywnych prostaków z programu MTV. Łączą ich intelektualne braki, dzieli cała reszta. Ci pierwsi pokazują szlachetną twarz głupoty, która dawno temu uaktywniała przepony milionów widzów. Nieśmieszna ekipa Jersey jest symbolem upadku przemysłu rozrywkowego. Głupol głupolowi nierówny.','http://1.fwcdn.pl/po/28/53/392853/7450529.3.jpg','I-sndGpjU9g',12.50,'2012-06-01 00:00:00','2015-02-14 00:00:00','Bobby Farrelly, Peter Farrelly'),(4,1,'Kac Vegas','kac-vegas-4',4,'Czterech przyjaciół spędza wieczór kawalerski w Las Vegas. Następnego dnia okazuje się, że zgubili pana młodego i nic nie pamiętają.','Nowa komedia Todda Phillipsa przynosi odkrycie, że kac po ostrej balandze może być zabawny. No dobra, do śmiechu nie mają pewnie uczestnicy minionego party, których miny zdają się wyrażać popularny wśród użytkowników portali filmowych skrót WTF?! Jednak obserwatorzy zażenowania eks-imprezowiczów będą bawić się niczym świnki przy pełnym korycie. Chyba że poślizną się akurat na wymiocinach jakiegoś zesztywniałego grubasa. \r\n\r\nPhillips, który od lat specjalizuje się w kumpelskich komediach (\"Ostra jazda\", \"Old School: Niezaliczona\"), jak mało kto zna się na komponowaniu filmowych drinków rozweselających. Czego potrzeba, żeby dobrze zabawić się w kinie? Sympatycznych bohaterów, świńskiego humoru, wpadającej w ucho ścieżki dźwiękowej oraz fajnej fury z wygodnym tylnym siedzeniem, gdzie będzie można zapakować się z jakąś przygodnie poznaną specjalistką w dziedzinie ornitologii. Twórcom \"Kac Vegas\" (świetny polski tytuł) nie brakuje przede wszystkim pary, by każdy z tych elementów posklejać w trzymającą się na nogach całość. \r\n\r\nPomysł wyjściowy jest banalnie prosty: trzech kumpli budzi się luksusowym apartamencie w stolicy hazardu po zakrapianym alkoholem wieczorze kawalerskim. Pewnie mogliby przeboleć fakt, że lokal jest kompletnie zdemolowany, a w łazience siedzi głodny tygrys. Gorzej, że czwarty przyjaciel, który następnego dnia miał wziąć ślub, zniknął w tajemniczych okolicznościach. Zanim chłopaki ustalą, co się z nim stało, przejdą prawdziwą gehennę, ale dojrzeją też do podjęcia paru poważnych decyzji. \r\n\r\n\"Kac Vegas\" nie jest tak finezyjne jak produkcje guru amerykańskiej komedii Judda Apatowa – żarty są zazwyczaj prostackie, a o głównych postaciach nie da się powiedzieć więcej niż to, że są popapranymi nieudacznikami. Twórców ratuje jednak nieznajomość granic dobrego smaku. Zamiast serwować widowni przetrawione do reszty żarty o spermie w piwie, idą na całość. \"Wszystko, co wydarzy się w Vegas, zostaje w Vegas\" - stwierdza, mrugając okiem przyszły teść zaginionego bohatera. A skoro tak, to cieszmy się chwilą i nie oglądajmy się na fałszywych obrońców moralności. Absolutna wolność, w której pławi się reżyser, udziela się od razu samczej widowni. Żony i narzeczone mogą zostać w kinowym hallu. Faceci muszą się wyszumieć. Dlatego \"Candy Shop\" 50 Centa przerobione tu na weselny, lekko jazzujący szlagier brzmi równie szczerze, co prośba każdego skacowanego gościa, by podać mu szklankę piwa.','http://1.fwcdn.pl/po/72/11/487211/7258810.3.jpg','wTKYkKErHGc',15.00,'2009-08-07 00:00:00','2015-02-17 00:00:00','Todd Phillips'),(5,1,'Seksmisja','seksmisja-5',5,'Rok 2044, zostają odhibernowani dwaj ostatni przedstawiciele płci męskiej. Władza jest w rękach Ligi Kobiet, która nie zamierza z niej zrezygnować.','9 sierpnia 1991 roku telewizja transmituje epokowy eksperyment: dwóch śmiałków - Maks (Jerzy Stuhr) i Albert (Olgierd Łukaszewicz), zostaje poddanych hibernacji. Podczas ich snu wybucha wojna nuklearna. Uczestnicy eksperymentu budzą się w 2044 roku. Od opiekującej się nimi doktor Lamii dowiadują się, że w ciągu ostatnich kilkudziesięciu lat geny męskie zostały całkowicie zniszczone promieniowaniem, a oni są prawdopodobnie jedynymi osobnikami płci męskiej, którzy przetrwali kataklizm. Niezwykła społeczność kobiet, w jakiej znaleźli się bohaterowie, egzystuje w całkowicie sztucznych warunkach, głęboko pod powierzchnią ziemi. Władzę dyktatorską pełni tu Jej Ekscelencja, która darzy męskich osobników szczególnym zainteresowaniem. Maks i Albert znajdują się pod stałą obserwacją i ścisłą kontrolą. Takie życie na dłuższą metę wydaje im się jednak niemożliwe. Zdesperowani postanawiają więc uciec.','http://1.fwcdn.pl/po/11/63/1163/6936765.3.jpg','nfj9pkWz2wc',10.00,'1984-05-14 00:00:00','2015-02-17 00:00:00','Juliusz Machulski'),(6,1,'Bruce Wszechmogący','bruce-wszechmog-cy-6',2,'Reporter, który narzekał nadmiernie na Boga, otrzymuje jego moc i przekona się, że nie łatwo jest rządzić światem.','\"Bruce Wszechmogący\" to film przedstawiający dość tragiczny moment z życia pewnego nieudacznika, Bruce\'a. Cała historia zaczyna się w momencie, gdy wymarzoną posadę prezentera telewizyjnego wygrywa odwieczny przeciwnik Bruce\'a, Evan. W drodze do domu, po najgorszym w życiu dniu, Bruce przeklina Boga i winę za jego niepowodzenie zwala na Niego. Ten postanawia postawić Bruce\'a na swoim miejscu. Obdarza go bożą mocą i składa na jego barki wysłuchiwanie i spełnianie modlitw ludzi zamieszkujących część Buffalo. Na początku nowo upieczony \"drugi Bóg\", wykorzystuje moc dla własnych celów i wszystko jest pięknie, lecz po czasie, gdy zaczyna słyszeć modlitwy w głowie, zaczynają się również kłopoty... \r\n\r\nTo dość szczegółowy opis \"Bruce\'a Wszechmogącego\". \"Bruce...\", jest to najlepsza komedia, jaką miałam przyjemność oglądać. Muszę dodać, że oglądałam ją bardzo wiele razy, i nie miałam momentu, w którym stwierdziłabym, że jakaś scena filmu już mi się znudziła. Dlaczego? Bo Bruce, nie może się znudzić. \r\n\r\nRewelacyjny humor, w nieograniczonej ilości, rewelacyjna gra aktorska, świetna muzyka... To wszystko sprawia, że Bruce jest filmem, którego nie można nie obejrzeć. Jako osoba wiernie kochająca ten film, MUSZĘ powiedzieć, że to byłaby wręcz zbrodnia. \r\n\r\nPowiem co nie co o grze Jima Carreya i innych aktorów, \"odwalających kawał dobrej roboty\". Nie będę się rozpisywała, gdyż nie ma to sensu. Potrafię całe swoje zdanie wyrazić kilkoma słowami, więc to robię. Jim Carrey, Jennifer Aniston, Morgan Freeman i inni, spisali się świetnie, rewelacyjnie, pierwszorzędnie, genialnie... Mogłabym wymieniać jeszcze całymi dniami. Mogłabym wychwalać \"Bruce\'a...\" przez całą wieczność, lecz muszę wszystko zmieścić w krótkim tekście, który każdy będzie chciał przeczytać. \r\n\r\nHumor, jak już pisałam, jest nieograniczony i może przekraczać granice wytrzymałości niejednego człowieka. Przy niektórych scenach ledwo powstrzymuję się przed tarzaniem się po podłodze, przy innych z kolei trochę mi to nie wychodzi. Jednak wcale mnie to nie dziwi i wszystkich, którzy oglądali film, raczej też nie powinno. Przy takiej komedii... \r\n\r\nCzasami dyskutuje się nad właściwym nazwaniem gatunku danego filmu. W przypadku \"Bruce\'a Wszechmogącego\" komedia to za mało, chociaż jak najbardziej właściwie. Nie potrafię powiedzieć, jak dobrym filmem jest \"Bruce...\". Lecz dla usprawiedliwienia powiem, że to nie moja wina.  Po prostu nie ma słów, które mogłyby opisać świetność tego filmu. \r\nOsoba, która go jeszcze nie oglądała, musi to nadrobić. Polecam wszystkim, na każdą okazję. Przy dobrym humorze, przy humorze do niczego. Zawsze.','http://1.fwcdn.pl/po/78/89/37889/7529602.3.jpg','h3DZMDkk8nU',12.50,'2003-08-14 00:00:00','2015-02-18 00:00:00','Tom Shadyac'),(7,1,'Kiler','kiler-7',5,'Jerzy Kiler, warszawski taksówkarz, przypadkowo zostaje wzięty za płatnego zabójcę i umieszczony w areszcie. Wyciągnie go stamtąd boss świata przestępczego, który ma dla niego nowe zadanie.','Chociaż mi, w odróżnieniu od Jurka Kilera (Cezary Pazura), nikt nie stawiał takiego ultimatum, to mogę powiedzieć, że ten film nie jest pomyłką. Wręcz przeciwnie - Juliusz Machulski nakręcił bardzo dobrą komedię ze znakomitą obsadą, niezłą fabułą i przede wszystkim zabawnymi dialogami. Nic więc dziwnego, że \"Kiler\" szybko stał się w Polsce kultowym filmem, który każdy widział choć raz w życiu. \r\n\r\nGdyby znalazł się jednak ktoś, kto tego filmu nie oglądał, to pokrótce streszczę fabułę. Pewnego pochmurnego dnia, Bogu ducha winny taksówkarz Jurek Kiler otworzył oczy i zobaczył nad sobą cały oddział antyterrorystyczny dowodzony przez komisarza Rybę (Jerzy Stuhr). Policja, mimo protestów głównego bohatera, aresztuje go, podając do publicznej wiadomości informację o uchwyceniu seryjnego mordercy o pseudonimie Kiler i rozpoczęciu walki komisarza wraz z prokuratorem o dożywotni wyrok dla przestępcy. Zdarzenie te wywołuje reakcje u Siary (Janusz Rewiński), szefa środowiska przestępczego, który organizuje błyskawiczną akcję w wyniku Kiler odzyskuje wolność i może wykonać kolejne zadanie dla gangstera. Rozpoczyna się gra - o pieniądze, miłość i życie. Jak w nowej roli odnajdzie się warszawski taksówkarz? \r\n\r\nFilm ten z pewnością nie cieszyłby się taką popularnością wśród widzów, gdyby nie doborowa obsada. Największe wrażenie zrobił na mnie Janusz Rewiński jako gangster Siara. Znany aktor komediowy i satyryk znakomicie wczuł się w rolę mafijnego bossa. Jego zachowanie, a przede wszystkim przezabawne, wypowiadane bez sztucznej gry, teksty są ozdobą całego filmu. Bez wątpienia to rola życia Rewińskiego. Inni aktorzy też nie zostają z tyłu - wspaniale, chyba jak zawsze, spisuje się Jerzy Stuhr w roli komisarza Ryby. Muszę pochwalić wielkość tego aktora - jest to jeden z najlepszych, jeżeli nie najlepszy polski aktor, co widać w postaci policjanta. Również Jan Englert - biznesmen Lipski - to wielki plus tej komedii, podobnie zresztą jak Cezary Pazura, za którym jakoś specjalnie nie przepadam. Nie podobała mi się natomiast Małgorzata Kożuchowska. Zamiast powodować śmiech denerwowała mnie. Dziennikarka Ewa to najsłabszy element obsady \"Kilera\". \r\n\r\nNa plus należy również zapisać muzykę. Utwory, skomponowane przez Elektryczne Gitary, szybko wpadają w ucho i po prostu pasują do klimatu filmu. Nie są to żadne arcydzieła, ale nie o to w tym przypadku chodziło. Natomiast zawsze należy zabiegać, żeby scenariusz stał na jak najwyższym poziomie, co udało się twórcom tej komedii. Zabawne dialogi, które znalazły się już w mowie potocznej, wartka akcja powodują, że \"Kiler\" jest naprawdę przyjemnym filmem, który warto zobaczyć. \r\n\r\nPolecam ten film z czystym sercem. Każdy powinien znaleźć w nim coś dla siebie - jak nie grę aktorską na wysokim poziomie, to kultowe już dialogi. Jak nie one, to piosenki stanowiące hity lat 90. albo ciekawa fabuła. A potem może zabrać się do nieco słabszej kontynuacji przygód warszawskiego taksówkarza - \"Kiler-ów 2-óch\".','http://1.fwcdn.pl/po/05/29/529/6900785.3.jpg','0QsgQgT0O5E',17.50,'1997-11-17 00:00:00','2015-02-18 00:00:00','Juliusz Machulski'),(8,1,'American Pie','american-pie-8',1,'Grupa licealistów pragnie do końca szkoły stracić dziewictwo i wkroczyć na studia jako pełnoprawni mężczyźni. Nie jest to jednak łatwe zadanie.','\"American Pie, czyli sprawa dowcipna\" zazwyczaj dostaje oceny albo bardzo wysokie od ludzi zrywających boki z prezentowanego tam nie najambitniejszego humoru, albo bardzo niskie od osób zażenowanych poziomem i tematem gagów w filmie. Ja przyznaję mu średnią notę, a na zawyżeniu przeze mnie oceny zaważyła lawina komedii młodzieżowych o mocnym podtekście seksualnym, zapoczątkowana utworem Paula Weitza. \r\n\r\nPrzystąpić do seansu można jedynie, gdy \"genitalny\" humor uznajemy za śmieszny i odpowiadający naszym potrzebom rozrywki. Jeśli przyjąć taką konwencję dla oceny \"American Pie\", to stwierdzam, że film ten plasuje się wysoko w tej kategorii. Zawiera ogrom humoru opartego na najniższych instynktach, ale też znajdują się elementy autentycznie zabawne. Takimi scenami są rozmowy uświadamiające ojca (Eugene Levy) z synem Jimem (Jason Biggs). Jim razem z kolegami z liceum przygotowują się do balu maturalnego, niektórzy spotykają się z dziewczynami, a przede wszystkim dążą do inicjacji seksualnej. Na tym tle dochodzi do przeróżnych, zabawnych (?) sytuacji będących udziałem młodych ludzi. \r\n\r\nPoziom humoru w filmie może zadowalać albo żenować, ale dopóki na pierwszym planie są te rubaszne dowcipy, to wszystko wydaje się być spójne, oraz w mniejszym albo większym stopniu zabawne. Natomiast wprowadzanie romantycznych wątków irytowało mnie w tym filmie bardziej od sprośnych scenek. \r\n\r\nZaskakujące byłoby to dla mnie, gdyby ktoś faktycznie wzruszał się w tych sytuacjach. Ale zachowania młodzieży amerykańskiej prezentowane w filmach w stylu \"American Pie\" wydają się często dziwne, jeśli nie po prostu debilne, więc gdyby miały one w miarę szczerzę oddawać psychikę tamtej grupy społecznej, to przestawałyby mnie dziwić łzy wzruszenia tych ludzi na filmie. \r\n\r\nPopularność \"American Pie\" w zasadzie nie zaskakuje mnie bardzo, gdyż mam znajomych, którzy zaśmiewali się na tym filmie, oglądając go kilka razy. Ja sam również obejrzałem go z ciekawością za pierwszym razem, gdyż co nowe, kontrowersyjne, wciąga, mimo iż może być niesmaczne, czy idiotyczne. Z tych samych powodów obejrzałem koreański film \"Sex Is Zero\" stylizowany na \"American Pie\", który to przekracza kolejne granice przyzwoitości. A zachowania koreańskiej młodzieży w stylu amerykańskim wprawiły mnie w jeszcze większe osłupienie, gdyż nie potrafiłem zrozumieć, że tak mogą zachowywać się jakieś ludzkie stworzenia. \r\n\r\nWracając do \"American Pie\" to należy dodać, że wylansował on gwiazdy kina młodzieżowego, które następnie były rozchwytywane przez producentów. Oglądając kolejne produkcje w podobnym stylu istnieje spora szansa, że napotkamy aktorów z filmu Paula Weitza. Dlatego też uważam, że z \"American Pie\" należy się zapoznać choćby po to, żeby w przyszłości omijać filmy, na których plakatach widnieje grupka młodych Amerykanów lub też wypatrywać w wypożyczalniach płyt z taką okładką.','http://1.fwcdn.pl/po/08/76/876/7518969.3.jpg','WqCr8Av6CW0',7.50,'2000-04-28 00:00:00','2015-02-18 00:00:00','Chris Weitz, Paul Weitz'),(9,2,'Gran Torino','gran-torino-9',4,'Walt Kowalski to emerytowany weteran żyjący we własnym poukładanym świecie. Jego spokój zostaje zburzony przez nowych sąsiadów z Azji, których syn spróbuje ukraść mu ulubione auto.','Większości ludziom, choćby nawet nie widzieli jego filmów (o ile jest to możliwe), nie trzeba chyba tłumaczyć, kim jest Clint Eastwood. Zagrał w kilkudziesięciu filmach i niewiele mniej wyreżyserował. I o ile Clint-aktor kojarzony jest raczej z gatunkiem filmu sensacyjnego, o tyle już Clint-reżyser znany jest z bardziej ambitnych dzieł, nawet oskarowych (jak choćby \"Listy z Iwo Jimy\", \"Za wszelką cenę\", \"Rzeka tajemnic\" czy \"Bird\"). Najnowszym filmem stary, dobry Clint powraca jako aktor i jako reżyser. Napisałem \"stary\", bo skończy niedługo 79 lat, a dlaczego dobry - możecie się sami przekonać, oglądając \"Gran Torino\". \r\n\r\n\"Gran Torino\" to historia amerykańskiego staruszka o swojsko brzmiącym nazwisku  Kowalski. Walt Kowalski jest weteranem wojny koreańskiej, który po śmierci żony samotnie zamieszkuje w swojej starej dzielnicy. Jedynym jego zajęciem są drobne prace domowe i dbanie o samochód - tytułowy Gran Torino z 1972 r. Walt żyje samotnie, bo większość jego znajomych już się wyprowadziła lub umarła, ich miejsce zajmują emigranci z południowowschodniej Azji - Hmongowie. To ciężka próba dla starca, który zawsze mówi, to co myśli, jest opryskliwy i nie znosi obcych naruszających jego teren. Musi się zmierzyć z własnymi uprzedzeniami do nowych sąsiadów, a nie przyjdzie to łatwo, bo nastoletni sąsiad próbuje ukraść mu auto... \r\n\r\nNowy film Clinta Eastwooda zrobił w Stanach Zjednoczonych nie mniejszą furorę, niż pozostający na medialnym świeczniku \"Ciekawy przypadek Benjamina Buttona\". Dlaczego - spytacie? Bo to po prostu bardzo dobry film. Główne postacie są  wyraziste i mimo że nieco przerysowane, od początku budzą sympatię widza. Na przykład główny bohater, który zachowuje się jak zgorzkniały, stetryczały staruch, \"nie owija słów w bawełnę\", zdaje się nienawidzić \"kolorowych\", przeklina i rzuca rasistowskie uwagi, a jednak to wszystko nie wzbudza naszego oburzenia, bo czujemy, że ten człowiek ma w głębi dobro. \r\nGenialna gra samego Eastwooda i doskonałe prowadzenie przez niego aktorów wyciąga ten film na wyżyny, jakich nikt nie spodziewał się po historii o wrednym staruszku. Świetne zdjęcia i ujęcia Toma Sterna przypominają niemal lata młodości głównego bohatera. Film jest doskonale wyśrodkowany - momentami przypomina gangsterską historię, a momentami komedię obyczajową z dowcipnymi, choć dosadnymi dialogami. Role drugiego planu również są perełkowe (zwłaszcza świetny John Carroll Lynch jako fryzjer Martin) i doskonale współgrają w postaciami pierwszoplanowymi. \r\n\r\nPrzez większość seansu wybuchałem śmiechem - tak jak reszta kina, dlatego uważam, że ten film powinien zobaczyć każdy - dobry humor jest bardzo cenny, zwłaszcza w dobie kryzysu.','http://1.fwcdn.pl/po/65/80/476580/7239651.3.jpg','ZyeavstlRzQ',15.00,'2009-03-27 00:00:00','2015-02-18 00:00:00','Clint Eastwood'),(10,3,'Jak to się dzieje, pyta Agnisia, że na ekranie widzimy misia','jak-to-si-dzieje-pyta-agnisia-e-na-ekranie-widzimy-misia-10',2,'Julian Józef Antonisz w swoim non-kamerowym filmie edukacyjnym dla najmłodszych odpowiada na tytułowe pytanie - jak tworzy się obraz widziany na ekranie telewizora? Wykład o powstawaniu  programów telewizyjnych i sposobie ich emisji okraszono dawką humoru, a całość podana została w formie pobudzającej dziecięcą wyobraźnię i ciekawość.','Julian Józef Antonisz w swoim non-kamerowym filmie edukacyjnym dla najmłodszych odpowiada na tytułowe pytanie - jak tworzy się obraz widziany na ekranie telewizora? Wykład o powstawaniu  programów telewizyjnych i sposobie ich emisji okraszono dawką humoru, a całość podana została w formie pobudzającej dziecięcą wyobraźnię i ciekawość.','http://i.ytimg.com/vi/RqFrvAPeiKo/maxresdefault.jpg','RqFrvAPeiKo',2.50,'1970-01-01 00:00:00','2015-02-18 00:00:00','Julian Józef Antonisz'),(11,4,'Mikrokosmos','mikrokosmos-11',4,'Dokument ukazuje jeden dzień z życia najmniejszych mieszkańców łąki.','W roku 1996 światowe kino zrobiło kolejny krok naprzód. Wtedy bowiem ukazał się film dokumentalno-przyrodniczy, jakiego jeszcze nie było. „Mikrokosmos”, bo o nim mowa, narodził się w głowie francuskiego aktora – Jacquesa Perrina znanego głównie z roli w słynnym „Cinema Paradiso” i zwariowanego na punkcie przyrody. To właśnie jego nazwisko pojawia się na samym początku tegoż dokumentu. Nie był on jednak reżyserem (zaszczyt ten przystąpił parze Claude Nuridsany i Marie Perennou), lecz tylko producentem. W kolejnym swoim filmie – „Makrokosmosie” zasiadł w końcu na reżyserskim krześle. \r\n\r\n\r\n\r\n„Mikrokosmos” bardzo dokładnie pokazuje nam świat i życie owadów. Już na samym początku filmu przenosimy się w głąb łąki, gdzie dla insektów trawa jest niczym dżungla, kamień niczym góra, a kałuża niczym bezkresny ocean. Mamy wrażenie, że dokument ten został nakręcony przez jej mieszkańców. Przez cały bowiem czas obserwujemy ich życie w ogromnym zbliżeniu. Oczywiście obraz ten stworzyli ludzie i chyba nikogo to nie dziwi. Jednak, aby dzieło mogło powstać, musieli oni wykonać żmudną pracę. Powstało ono w przeciągu trzech lat. Jest to niewyobrażalny odcinek czasu w porównaniu z długością filmu. Trwa bowiem godzinę i kilkanaście minut. Już sama świadomość trudów, jakie musieli przejść twórcy tego dokumentu, wzbudza dla niego respekt. \r\nWiem, że nie muszę wspominać teraz o tym, jak fenomenalne są zdjęcia i montaż w „Mikrokosmosie”. Każdy chyba bez problemu może sobie wyobrazić świat insektów. Jest w nim podkreślonych wiele elementów i dynamika, a film pokazuje to wszystko wręcz bezbłędnie. Spotykamy sporo mieszkańców łąki (mrówki, żuki, pająki...) i przyglądamy się ich życiu, pracy, trudnościom, narodzinom i śmierci. Widzimy pająka, który złapał swoją ofiarę, narodziny gąsienicy, żuczka toczącego kulkę ziemi, a nawet kopulację biedronek i ślimaków oraz wiele innych „przygód”. \r\n\r\n\r\nMuzyka w „Mikrokosmosie” również jest niezwykła. To pewnie dlatego, że jej głównym kompozytorem jest sama natura. Słyszymy zarówno odgłosy flory, ale nie tylko owadów, również fauny (szum trawy, krople deszczu). Nie jest to jednak wszystko. Swój udział przy tworzeniu ścieżki dźwiękowej miał też człowiek – Bruno Coulais. Wynik jego pracy wcale nie ustępuje „głosowi przyrody”, a piosenka zaśpiewana przez dziecko w tle głównego motywu muzycznego na długo pozostaje w pamięci. \r\nZachęcam wszystkich do obejrzenia „Mikrokosmosu”. Mimo tego że jest to typowy film dokumentalno-przyrodniczy zachęca nas też do refleksji, zatrzymania się na chwilę w tym zwariowanym świecie i spojrzenia w zupełnie inny świat. Gorąco polecam!','http://1.fwcdn.pl/po/05/36/536/7520061.3.jpg','76R2EKEnoJQ',5.00,'1997-04-02 00:00:00','2015-02-18 00:00:00','Claude Nuridsany, Marie Pérennou'),(12,5,'Czasem słońce, czasem deszcz','czasem-s-o-ce-czasem-deszcz-12',1,'Pochodzący z bogatej rodziny Rahul planuje ślub z biedną dziewczyną. Ojciec wyrzuca chłopaka z domu. Po latach jego młodszy brat chce pogodzić zwaśnioną rodzinę.','Nieprawdopodobna dawka kiczu, którego nie da się porównać nawet z wenezuelskimi telenowelami, teatralna, przerysowana gra aktorska od pierwszych minut przeszkadzają w obiorze filmu. Ale jakaś tajemnicza siła nie pozwala podnieść się z fotela i warto zastanowić się, co jest przyczyną, że po krótkim momencie oswojenia z postaciami i scenicznym, efekciarskim przepychem, widz zaczyna płakać i śmiać się na przemian, poddając się magii egzotycznego kina. Nawet pioruny grzmiące za każdym razem w tle, gdy padają srogie słowa ojca pod adresem syna, nie są w stanie popsuć przyjemności oglądania najdroższej bollywoodzkiej produkcji \r\n\r\n\"Czasem słońce, czasem deszcz\" ukazał się właśnie na DVD i dla tych którzy mają trudności z wysiedzeniem na seansach kinowych dłużej niż dwie godziny, to świetna okazja, żeby obejrzeć film \"na raty\". \r\n\r\nOd razu jednak zapewniam, że nie będzie takiej potrzeby, bo ci, którzy pozwolą się porwać ekranowej ferii barw, imponującym dekoracjom, profesjonalnym układom choreograficznym i nieziemskiej urodzie głównych aktorów - największych gwiazd Bollywoodu - nie będą rozczarowani. \r\n\r\nW \"Czasem słońce, czasem deszcz\" najważniejsza jest miłość, która natrafia na niespodziewane przeszkody, ale mimo zawirowań - zgodnie ze schematem, według którego powstają tego rodzaju filmy - wszystko kończy się szczęśliwie. Chemii i iskrzenia między bohaterami jest sporo, ale brak scen miłosnych, które w Bollywood są niedopuszczalne. Substytutem erotyzmu jest tu taniec, w którym aktorzy znajdują się blisko siebie, a także stroje eksponujące atrakcyjność i seksualność bohaterów, jak prześwitujące męskie koszule czy obcisłe spodnie. \r\n\r\nSzczegóły na temat pracy nad megaprodukcją, którą obejrzało 1,5 miliarda widzów, kompletowania obsady, budowania dekoracji, przygotowywania kostiumów, wyboru ścieżki muzycznej zawarte są w dodatku \"Jak powstaje Bollywood\". \r\n\r\nW filmie istotną rolę odgrywają muzyka i taniec. Piosenki, które zostały umieszczone na pierwszej płycie jako osobny dodatek, maja podgrzewać atmosferę filmu i pojawiają się zawsze wtedy, gdy następuje kulminacja emocji. \r\n\r\nKolejne dodatki zawarte na płycie to oryginalny indyjski zwiastun filmowy oraz \"Ulubione sceny Karana Johara\", które nie zmieściły się w filmie. Każda sekwencja ilustrowana jest rozbudowanym komentarzem reżysera objaśniającym, dlaczego nie zdecydował się ich umieścić w ostatecznej wersji. \r\n\r\nSwoją opinią zgodziła się opatrzyć film Małgorzata Sadowska, dziennikarka \"Przekroju\", która w dodatku \"Lubię ten film\" opowiada o zaletach obrazu Johara, który rozmachem dorównuje hollywoodzkim produkcjom. \r\n\r\nDźwięk w wersji oryginalnej zapisano w formacie 2.0, w wersji angielskiej w formacie DD 5.1.','http://1.fwcdn.pl/po/76/13/127613/6952862.3.jpg','tgB-CdN6Tuw',10.00,'2005-01-21 00:00:00','2015-02-18 00:00:00','Karan Johar'),(13,6,'Kill Bill','kill-bill-13',2,'Płatna zabójczyni zwana Czarną Mambą po czterech latach wybudza się ze śpiączki z zamiarem krwawej zemsty na ludziach, którzy próbowali ją zabić.','\"Kill Bill\"... Czym też on jest? Czy mamy do czynienia z kolejnym kiepskim filmem akcji, którego sukces jest oparty na znanym nazwisku twórcy, czy też trafił się kąsek wyjątkowo smaczny dzięki swej subtelności i dopracowaniu do perfekcji wszystkich szczegółów? Z tym pytaniem mierzyło się już wielu recenzentów i jeszcze wielu się zmierzy - jak widać przyszła pora na mnie. Nie pozostaje mi nic innego, jak przedstawić swoją wersję prawdy absolutnej. \r\n\r\nW rozwiązaniu tego problemu, ważne jest odpowiednie podejście do sprawy. Przede wszystkim trzeba pamiętać, że \"Kill Bill\", mimo iż jest produkcją dwu częściową, w rzeczywistości stanowi spójną całość. Zajmowanie się naraz tylko jedną z nich jest niczym wystawianie opinii na temat \"Władcy Pierścieni\" po przeczytaniu jedynie \"Drużyny Pierścienia\". Jest tu jednak jeden haczyk \"Vol. 1\" oraz \"Vol. 2\" są, z punktu widzenia klimatu, niebem i ziemią. \r\n\r\nCześć pierwsza jest utrzymana w stylu typowego filmu \"klasy C\" z przełomu lat \'70 i \'80 i, jak łatwo się domyślić, opiera się głównie na walce (notabene - bardzo efektownej) i... niczym więcej. Natomiast druga odsłona jest już znacznie spokojniejsza i stonowana, a sami bohaterowi lubują się w niemalże filozoficznych dysputach. Wrażenie jest prawdziwie niesamowite, gdyż nikt się nie spodziewa tak znacznego skoku klimatycznego! \r\n\r\nZnając upodobania twórcy, łatwo było się domyślić, że jedna z głównych ról zostanie obsadzona przez Umę Thurman, która uchodzi za jego ulubioną aktorkę. Tak też się stało i wybór okazał się trafny. Obsadzona przez nią Czarna Mamba jest byłym członkiem organizacji zabójców \"Viper Squad\" (w jej skład wchodzą m.in. Daryl Hannah oraz Michael Madsen, a sam Bill jest grany przez Davida Carradine\'a). Jej decyzja o opuszczeniu zespołu stała się przyczyną tragicznej w skutkach strzelaniny w kościele, w której straciła nie tylko narzeczonego, ale również i nienarodzone dziecko. Jednak sama kobieta, będąca celem zabójców, przeżyła atak i po obudzeniu się kilka lat później ze śpiączki myśli tylko o jednym - zemście, która się staje tematem przewodnim filmu. Całość jest podzielona na rozdziały, które często różnią się w znaczny sposób konwencją. Retrospekcje, dla przykładu są czarno białe, a z kolei większość scen walki odznacza się jaskrawymi kolorami. Do tego dochodzi również jeden epizod, przygotowany w całość jako... anime! Tu wychodzą na światło dzienne zainteresowania Tarantino. \r\n\r\nNa uwagę zasługuje cała strona techniczna oraz oprawa audio, która w znacznym stopniu podkreśla klimat. Wszystkie choreografie walki zostały dobrze dopracowane i przygotowane w bardzo dynamiczny sposób. W szczególności dobre wrażenie robi walka Czarnej Mamy z obstawą O-Ren Ishi (Lucy Liu) - grupą \"Crazy 88\". Warto zaznaczyć, że ilości sztucznej krwi, użytej przy kręceniu tej sceny osiągnęły astronomiczne liczby, a samurajskie miecze sypią się gęsto. \r\n\r\nCechą charakterystyczną wszystkich filmów Quentina Tarantino jest ich kultowość. Nie inaczej jest w przypadku \"Kill Billa\". Niektóre dialogi zapadły mi w pamięć nie mniej, niż rozmowa Johna Travolty i Samuela Jacksona o hamburgerach (jedna z pierwszych scen \"Pulp Fiction\"). Podobny los spotkał również część motywów muzycznych, które teraz bez problemu rozpoznaje większość kinomaniaków. \r\n\r\nNadszedł czas odpowiedzieć na zadane we wstępie pytanie? Otóż \"Kill Bill\" jest dla mnie pastiszem połowy dorobku amerykańskiego kina - i to nie tylko kina akcji. Błyskotliwymi dialogami i przerysowanymi, karykaturalnymi scenami akcji ośmiesza popkulturę USA i nie zostawia na niej suchej nitki! Quentin Tarantino, który w historię kina wpisał się przede wszystkim wspomnianym \"Pulp Fiction\", znów pokazał, że nie boi się przełamywania schematów i kręcenia filmów nietuzinkowych. Prawdą jest jednak, że dla niektórych \"Kill Bill\" pozostanie jedynie filmem, który wpierw kompletnie zalewając widzów krwią, zmienia się w finiszu w surrealistyczną pogadankę...','http://1.fwcdn.pl/po/32/00/33200/6900531.3.jpg','ot6C1ZKyiME',12.50,'2003-10-17 00:00:00','2015-02-18 00:00:00','Quentin Tarantino'),(14,7,'Epoka lodowcowa 3: Era dinozaurów','epoka-lodowcowa-3-era-dinozaur-w-14',4,'Stado prehistorycznych przyjaciół wyrusza do zaginionego świata dinozaurów, by pomóc leniwcowi Sidowi.','Twórcy \"Epoki lodowcowej 3: Era dinozaurów\" mogliby spokojnie ubiegać się o wsparcie ministerstwa edukacji. Animacja może bowiem uchodzić za materiał pomocniczy na lekcjach przysposobienia do życia w rodzinie. Dzieciaki dowiedzą się z niego wszystkiego, o czym rodzice wstydzą się z nimi rozmawiać. \r\n\r\n\r\nFilm rozpoczyna się lekcją poglądową na temat dynamiki związków damsko-męskich. Już w pierwszej minucie wszyscy chłopcy dowiadują się, na co zwracać uwagę w wyglądzie płci przeciwnej. Zaczynamy od kształtnego tyłeczka (w tym przypadku zamiast obcisłymi szortami przyozdobionego wspaniałym ogonem), potem wzrok przenosi się wyżej na unoszące się i opadające piersi, a na koniec na wielkie oczy przysłonięte długimi powabnymi rzęsami. Kiedy już ocenimy wdzięki damy w pełnej krasie, możemy przejść do lekcji numer dwa, z której chłopcy dowiedzą się, że ostre jak żylety dziewojki są równie niebezpieczne, co atrakcyjne i spotkanie z nimi kończy się dla miernych przedstawicieli płci brzydkiej w jeden tylko sposób: bólem i zgrzytaniem zębów. \r\n\r\nW ciągu kolejnych 85 minut poznamy podstawy macierzyństwa i tacierzyństwa. Będziemy mogli również obserwować, jak sobie radzą \'alternatywni\' rodzice (jeden z bohaterów, choć jest samcem, zostaje matką). Ta lekcja kończy się prostym morałem, że geje może i sympatyczni są, ale bez kobiety wychowywać dzieci nie powinni. Twórcy straszą również tych, którym nie pali się do wejścia w błogosławiony stan małżeński. Kawalerzy mają do wyboru albo samotnie ześwirować, albo też podczepić się pod inną rodzinę i zostać \'wujkiem\'. \r\n\r\nPoza tymi wartościowymi lekcjami życia, \"Epoka lodowcowa\" niczym specjalnym się nie wyróżnia. Animacja wyraźnie cierpi na syndrom serii i zamiast twórczego podejścia, mamy do czynienia z odcinaniem kuponów. Dla wszystkich tych, którym Maniek, Ela, Diego i Sid są bliscy, to dobra wiadomość – możecie spokojnie zasiąść w fotelach i zobaczycie, że w ogóle się nie zmienili. Niestety twórcy, traktując bohaterów i całą serię w taki sposób, zapędzają sami siebie w kozi róg. Dalej po prostu już się pójść nie da. \r\n\r\nSama animacja złożonością również nie grzeszy, dlatego też należy ją oglądać w 3D. Tam efekty naprawdę mogą sprawić frajdę wszystkim dzieciakom i tym młodym, i tym nieco starszym, zaś wersja 2D istnieje tylko z powodów logistycznych – po prostu nie wszystkie kina są jeszcze przygotowane na puszczanie filmów trójwymiarowych. \r\n\r\n\"Epoka lodowcowa 3: Era dinozaurów\" to animacja skrojona w sam raz na lato. Kilka prosty nauk, trochę znanych bohaterów i zero eksperymentów, które mogłyby widzów nieprzyjemnie zaskoczyć. A po wszystkim można wybrać się na lody, kupić plastikowego dinosia i rodzinny weekend mieć  zaliczony.','http://1.fwcdn.pl/po/33/59/433359/7261910.3.jpg','dP-xFvTIdNk',20.00,'2009-07-01 00:00:00','2015-02-18 00:00:00','Carlos Saldanha'),(15,8,'Silent Hill','silent-hill-15',4,'Rose zabiera swoją 12-letnią córkę do tajemniczego miasteczka Silent Hill, którego nazwę od jakiegoś czasu dziewczynka wykrzykuje podczas snu.','\"Silent Hill\" Christophe Gansa był dla fanów elektronicznej rozrywki jedną z najbardziej oczekiwanych produkcji mijającego roku. Powstały w oparciu o bestsellerową serię gier wideo film nie zyskał przychylności krytyków i nie okazał się tak wielkim przebojem, na jaki liczyli jego twórcy. Obraz podzielił również fanów gry, którzy na licznych zawzięcie spierali się o to, czy obraz dorównał konsolowemu oryginałowi, czy też nie. \r\n\r\nW tych licznych dyskusjach stawiam siebie po środku. Kupuję wizualną stronę filmu Gansa będącą doskonałym odwzorowaniem mrocznego świata wykreowanego w konsolowym \"Silent Hill\". Kupuję muzykę z porywającymi motywami Akira Yamaoki i przerażający bestiariusz Milczącego Wzgórza. Mój opór budzi jednak scenariusz. Z jednej strony mocno inspirowany fabułą pierwszej części gry, z drugiej jednak bardzo swobodnie poczynający sobie z jej bohaterami i, co najgorsze, skomplikowany do tego stopnia, że w finale twórcy umieścili dużą scenę, w której jedna z bohaterek dokładnie wyjaśnia wszystkie meandry zakręconej historii. \r\n\r\nPonowne obejrzenie filmu \"Silent Hill\", który właśnie ukazał się w Polsce na DVD, utwierdziło mnie w moim stanowisku. Obraz Gansa nie rozczarowuje, ale i nie zachwyca. Mimo wszystko, dobrze się go jednak ogląda. \r\n\r\nSzczęśliwe życie Rose i Harry\'ego DaSilva wali się w gruzy z chwilą, kiedy ich adoptowana córeczka Sharon zapada na dziwną chorobę. Dziewczynka zaczyna lunatykować i powtarzać przez sen nazwę wymarłego miasteczka Silent Hill. Kiedy lekarze okazują się bezradni Rose, wbrew woli męża, postanawia odwiedzić miejsce, które dziewczyna przywołuje w swoich tajemniczych snach. Kobieta dociera do Silent Hill, ale tuż przed wjazdem do miasta dochodzi do wypadku, w wyniku którego Rose traci przytomność. Kiedy budzi się rano z przerażeniem odkrywa, że Sharon zniknęła. Przerażona kobieta wyrusza na skryte we mgle i przysypane popiołem ulice miasta by ją odnaleźć... \r\n\r\nOsoby zainteresowane recenzją samego filmu odsyłam do swojego obszernego tekstu, który pojawił się na serwisie przy okazji kinowej premiery \"Silent Hill\". Teraz skupię się jedynie na opisie wydania DVD, które - niestety - delikatnie rozczarowuje. \r\n\r\nRozczarowuje, gdyż zabrakło na nim ciekawych dodatków. Za oceanem na płycie DVD z filmem znalazł się między innymi obszerny, 6-częściowy dokument opowiadający o realizacji \"Silent Hill\", którego zabrakło w polskiej edycji. Zamiast obszernego \"making of\" otrzymaliśmy 15-minutowy montaż scen z planu pozbawionych jakiegokolwiek komentarza (\"Z planu\"), króciutki materiał promocyjny \"O filmie\" oraz szumnie nazywający się dodatek \"Wywiady\", w którym znalazły się wypowiedzi aktorów i twórców filmu. Niestety, są one niezwykle krótkie i bardzo pobieżne. Swoistym rekordzistą tego materiału jest odpowiedzialny za efekty specjalne Patrick Tatopoulos, którego wypowiedź trwa... 25 sekund. Najwięcej czasu widzom poświęca młodziutka Jodelle Ferland, której \"wywiad\" trwa minutę i 59 sekund. \r\n\r\nPonadto na krążku znalazło się również miejsce na obszerną galerię zwiastunów promujących inne tytuły z oferty firm Monolith Films oraz Monolith Video.','http://1.fwcdn.pl/po/97/42/139742/7525667.3.jpg','p8nEzD5Gc-4',12.50,'2006-05-26 00:00:00','2015-02-18 00:00:00','Christophe Gans'),(16,9,'Infiltracja','infiltracja-16',2,'Tajny policjant w szeregach grupy przestępczej i informator mafii w bostońskiej jednostce dochodzeniowej toczą ze sobą śmiertelną rozgrywkę.','Na pierwszy rzut oka dosyć dziwne zestawienie - specjalista gangsterskiego kina Martin Scorsese w roli reżysera remake\'u? Połączenie może zaskoczyć niejednego fana kina. Bez wątpienia zrobienie filmu jeszcze lepszego od znakomitego już azjatyckiego pierwowzoru \"Infernal Affairs: Piekielna gra\" nie było zadaniem łatwym. Jednak nie należy się zbytnio uprzedzać, ponieważ mistrz doskonale wiedział, co robi. \r\n\r\nSednem całego zamieszania jest znana z wielu amerykańskich produkcji próba przechytrzenia się nawzajem przez mafię i policję. W tym tytule polega to na infiltracji obu jednostek za sprawą młodych i ambitnych adeptów szkoły policyjnej. Pierwszym ze szczurów jest Colin Sullivan (Matt Damon), który w czasach młodości przygarnięty został pod swoje skrzydła przez szefa bostońskiej mafii- postać znaną jako Frank Costello (Jack Nicholson). Chłopak dzięki swoim aspiracjom bez problemu znajduje stanowisko w policji i zostaje wtyką swojego mentora. \r\n\r\nDrugim z filmowych kretów jest Billy Costigan (Leonardo DiCaprio), którego dzieciństwo między innymi z powodu rozpadu małżeństwa rodziców nie należało do najłatwiejszych. Mimo trudnych początków bez problemu kończy szkołę policyjną z zamiarem zostania \"kimś ważnym\" w policyjnym świecie. Nie jest mu to jednak pisane i z racji przestępczej historii w rodzinie, a w rezultacie łatwego dojścia do Costella, zaoferowana zostaje mu praca infiltratora bostońskiej siatki przestępczej w celu ujęcia bossa. \r\n\r\nTak zaczyna się śmiertelna przeplatanka i próby odgadnięcia, kto jest kretem, bo obie strony w szybkim tempie rozumieją, że są inwigilowane. Film jest doskonałym, trzymającym w napięciu kryminałem - dużo lepszym od pierwowzoru, co jest dosyć zaskakujące, znając większość z hollywoodzkich remake\'ów. Martin Scorsese dokonał jednak czegoś wspaniałego i z mrocznego azjatyckiego, poprzeciąganego momentami filmu zrobił perełkę. Dzięki ciekawym zdjęciom, dobrze dobranej muzyce i oprawie \"Infiltracja\" ma ciekawy i trzymający w napięciu klimat. Wisienką na torcie są szybkie dialogi i cięte riposty. Zasług nie można odmówić oczywiście aktorom, którzy nadali całej produkcji zdecydowanego smaczku, głównie na uwagę zasługuje Jack Nicholson, który doskonale wciela się w inteligentnych szaleńców-paranoików. Kreacje Matta Damona, Marka Wahlberga i Leonarda DiCaprio również nie pozostawiają wiele do życzenia. Formalnością jest więc przyznany nie jeden Oskar. \r\n\r\nNiewątpliwym minusem jest jednak zakończenie, należy potraktować je z przymrużeniem oka i wybaczyć zbędną dramaturgię oraz  \"amerykańskość\", niestety powinniśmy już chyba do tego przywyknąć. Nie psuje to jednak całego majstersztyku, bo takiego określenia na pewno nie można tej produkcji odmówić.','http://1.fwcdn.pl/po/60/05/136005/7518097.3.jpg','hNFdlfXwdmc',10.00,'2006-10-27 00:00:00','2015-02-18 00:00:00','Martin Scorsese'),(17,10,'Złodziej życia','z-odziej-ycia-17',4,'Agentka FBI pomaga kanadyjskiej policji w ujęciu seryjnego mordercy.','I Tobie, przeciętny zjadaczu chleba, niejaki złodziej życia zabierze 103 minuty z uporządkowanego planu dnia. Kiedy bowiem włączysz ten film, od początku historia zaciekawi Cię, potem trochę przemęczysz się, stwierdzając, że „przecież cały czas nie może być super”, a na końcu reżyser oszuka Cię kilkoma scenami, które wbiją w fotel. \r\n\r\nMłody chłopak kupuje bilet autobusowy i wyrusza nie wiadomo dokąd, bez celu. Spotyka przyjazną duszę. Razem kupują samochód i kontynuują swoją podróż. Zupełnie przypadkowe zdarzenie – uszkodzenie koła – spowoduje jednak, że życie jednego z nich zostanie „skradzione”. Podobny los czeka wiele osób w przeciągu kolejnych 20 lat. Po którymś z kolei podobnym zabójstwie do sprawy zostaje skierowana ceniona agentka FBI, Illeana Scott (Angelina Jolie). Pojawia się także przypadkowy świadek morderstwa, malarz Costa... \r\n\r\nZazwyczaj występuję w roli adwokata, a nie prokuratora dla filmu. Tym razem nie będzie inaczej. Trzeba jednak zauważyć, że skoro dany film potrzebuje adwokata, został o coś oskarżony. Na „Złodzieju życia” rzeczywiście ciąży kilka zarzutów. Wiele osób określa tę produkcję jako nieudaną kopię „Siedem”. Od razu muszę ze wstydem przyznać, że nie widziałem niestety tego (podobno) świetnego filmu, więc jestem pozbawiony porównania. Mankamentem jest jednak sama fabuła. Początek, owszem, zachęca, i to jeszcze jak. Historia wydaje się naprawdę ciekawa i oryginalna. Jednak tuż za półmetkiem przekonujemy się, że scenariusz niczym nie odbiega od „W11” czy „Sędzi Anny Marii Wesołowskiej”. Czyli... bierzemy na początek kilku podejrzanych. Jak się szybko okazuje dowody tylko przeciw jednemu z nich są „niepodważalne”. \r\nWażne jednak w jakim to wszystko sosie jest podane. A sos w „Złodzieju życia” jest, słowo daję, wyborny. \r\n\r\nObsada aktorska powyżej przeciętnej. Angelina Jolie i Ethan Hawke właściwie nie mają nic wielkiego do pokazania aż do samej końcówki, która jest odegrana kapitalnie. Kiefer Sutherland pojawia się tylko na kilka minut, ale jest niesamowity jak w każdej roli. Mogę tu nie być obiektywny, bo popularny „Kefir” jest jednym z moich ulubionych aktorów, który na ekranie zawsze po prostu zarządza (polecam z tego miejsca „24 godziny”). Do obsady aktorskiej dołączają świetna scenografia i budująca napięcie muzyka. \r\n\r\nChociaż film kończy się właściwie na trzy razy, to sama końcówka, która dla wielu „znafców” była przewidywalna, mnie kompletnie zaskoczyła. Poprawiła też ogólną ocenę filmu. Na minus całości działają jeszcze krótkie sceny, często dziwnie ścięte. Szczególnie dało się to zauważyć przy uderzeniu agentki Scott, wiele scen trzeba było jeszcze trochę pociągnąć. Zostały one zapewne tak zrobione, ponieważ najbardziej miała się liczyć akcja, która miejscami rzeczywiście przyspieszała. Na duży plus takie elementy zaskoczenia jak ręka przebijająca łóżko. Kto oglądał, będzie wiedział o co chodzi, a nie chciałbym zdradzać szczegółów. \r\n\r\nTytułowy Złodziej okradł także mnie. Ze snu, ponieważ skończyłem oglądać późno w nocy. Na pewno było warto, życzę Wam wszystkim takiej kradzieży.','http://1.fwcdn.pl/po/78/33/107833/6941460.3.jpg','6Mv6JF2KT1k',7.50,'2004-04-30 00:00:00','2015-02-18 00:00:00','D.J. Caruso'),(18,11,'3:10 do Yumy','3-10-do-yumy-18',2,'Farmer Dan Evans, potrzebując pieniędzy, zgłasza się na ochotnika do odeskortowania groźnego przestępcy na pociąg do Yumy.','\"There is a lonely train called 3:10 to Yuma...\" śpiewał pięćdziesiąt lat temu Frankie Laine. Kto raz usłyszy tę pieśń, nie zapomni już nigdy, o której odchodził ze stacji jeden przeklęty pociąg. \r\n\r\nDyliżanse i kolej weszły do konwencji westernu na stałe, tak że podróż nimi przybrała postać rytualną. Mała stacja w zapomnianej przez Boga mieścinie może stać się miejscem, gdzie mężczyzna z rewolwerem odnajdzie swe przeznaczenie. Nie inaczej jest w \"3:10 do Yumy\". \r\n\r\nJeśli na chwilę odpuścimy sobie, wywołujące burzę emocji dyskusje, po co ten pociąg ma odjeżdżać raz jeszcze skoro tak dobrze oglądało się jego odjazd pięćdziesiąt lat temu w filmie Delmera Davesa, a zamiast tego rozgościmy się wygodnie w fotelu czekając, aż zgaśnie światło i rozlegną się strzały, nie zawiedziemy się. W końcu nie co dzień na wielkim ekranie możemy oglądać westerny. \r\n\r\nMiałam to szczęście, że na dzień przed polską premierą remaku, obejrzałam oryginał z 1957 roku. I cieszę się, że James Mangold nie skopiował bezmyślnie pierwowzoru, który pod każdym niemalże względem jest obrazem niezwykłym, a opowiedział tę samą historię po swojemu. \r\n\r\nMamy oto biednego, kulejącego farmera Dana Evansa. Dan i jego rodzina - żona i dwaj synowie - cierpią z powodu przeciągającej się suszy i niespłaconych długów. Przypadkiem Evans zostaje świadkiem brutalnego napadu na dyliżans, którego dopuściła się banda legendarnego Bena Wade\'a. Jednak nawet Ben Wade czasem popełnia błędy. Schwytany przez ludzi szeryfa ma zostać przetransportowany na stację kolejową, skąd dziesięć minut po trzeciej zabierze go pociąg do Yumy. Zdesperowany Dan Evans zgłasza się za 200 dolców na ochotnika wsadzić więźnia do pociągu. Oczywiście banda Wade\'a dowodzona przez psychopatycznego Charliego Prince\'a (znakomita rola Bena Fostera) nie daje za wygraną i rusza szefowi na ratunek. Wkrótce nasz farmer zdaje sobie sprawę, że gra niekoniecznie jest warta świeczki, tym bardziej że Ben Wade ma dla niego o wiele bardziej lukratywną propozycję... \r\n\r\nW porównaniu z oryginałem z 1957 akcja toczy się szybciej, bandyci częściej sięgają po broń, trup ściele się gęściej, więcej jest też niebezpieczeństw i zasadzek. Podczas gdy akcja czarno-białego obrazu rozgrywała się głównie w pokoju hotelowym, w nowej wersji mamy do czynienia z Apaczami i innymi przykrymi niespodziankami. Postać Bena Wade\'a została rozbudowana o traumatyczne doświadczenia z dzieciństwa i doskonałą znajomość Biblii, co niewątpliwie przydaje mu uroku. Niezwykłą kreację stworzył Ben Foster, jego czarny charakter - Charlie Prince - zapada w pamięć i przyciąga uwagę bardziej niż prototyp z 1957 roku, mimo że scenarzyści wersji 2007 nie zdecydowali się, by nowy Charlie powtórzył kultowy dla fanów westernu tekst: \"Nie wiem, czemu moja żona odeszła, zawsze traktowałem ją dobrze, nigdy nie biłem za mocno\". \r\n\r\nChristian Bale bezbłędnie i z charyzmą wykreował swą postać, a Russell Crowe pociąga przez swój niemalże romantyczny sposób czynienia zła. Uwagę przykuwa stary Peter Fonda jako znieczulony na subtelne zagadnienia dobra i zła, rasowy bounty killer. \r\n\r\nTak więc w dobie dzieł intertekstualnych, gier i zabaw konwencją otrzymaliśmy naprawdę świetny kawał amerykańskiego westernu, jak za starych dobrych lat, gdy wszyscy mali chłopcy po wyjściu z kina chcieli być kowbojami. (Ja będąc małą dziewczynką niezmiennie podkochiwałam się w westernowych bandytach). \r\n\r\nJednak czegoś mi w \"3:10 do Yumy\" zabrakło, w porównaniu z pierwowzorem. Może tego wolno opadającego kurzu na drodze, zza którego wyłaniały się sylwetki ponurych jeźdźców, niczym duchy, może tej buchającej pary pociągu, za którą bandyci chowali swe twarze, przez co ich postępki urastały do rangi anonimowego uniwersalnego zła. A może po prostu tej piosenki: \r\n\r\n\"It\'a also true, they say, on the 3:10 to Yuma \r\nA man may meet his fate, for fate travels \r\neverywhere. \r\nThough you\'ve got no reason to go there \r\nAnd there ain\'t a soul that you know there, \r\nWhen the 3:10 to Yuma whistles its sad refrain \r\nTake the train! Take the train! Take the train!\"','http://1.fwcdn.pl/po/05/46/200546/7175876.3.jpg','jX1m45CwvJ8',15.00,'2007-11-09 00:00:00','2015-02-18 00:00:00','James Mangold'),(19,12,'Serenity','serenity-19',5,'Kapitan Malcolm Reynolds zarabia wynajmując swój statek transportowy \"Serenity\". Przyjęcie na pokład młodego lekarza z siostrą okazuje się być kluczem do wielkiej tajemnicy.','Lubię serial \"Firefly\" – za sympatyczny pomysł na reanimację klimatu dzikiego zachodu, za zgrabnie skonstruowanych bohaterów, zabawne dialogi, Summer Glau, no i co najważniejsze: za to, że całość trwała dość krótko, aby nie spotkało jej to, co inne niezłe seriale, które miały pecha doczekać się zbyt wielu sezonów. W moim osobistym rankingu najdłużej wytrzymał \"House\", który definitywnie zszedł na psy dopiero w połowie piątego sezonu, wyjątkiem od reguły był z kolei \"M*A*S*H\", niezależnie od serii pozostając produktem udanym. \"Firefly\" ze swoimi 14 odcinkami prezentuje się raczej skromnie, ale za to dobrze – wyprani z pomysłów scenarzyści nie zdążyli skopać serialu. \r\n\r\nAkcja \"Serenity\" ma miejsce po wydarzeniach z serialu – dobra nowina jest taka, że jeśli nie oglądało się telewizyjnych przygód kosmicznych kowbojów, to i tak da się pojąć, o co w \"Serenity\" chodzi… Ale mimo to lepiej zacząć od serii telewizyjnej. \r\n\r\nDla porządku: na ekranie śledzimy przygody załogi prywatnego statku kosmicznego klasy firefly, noszącego wdzięczne imię \"Serenity\" – to przy okazji wyjaśnia sprawę z tytułami filmu i serialu. Kapitan jest byłym żołnierzem strony, która przegrała ostatnią wojnę, załogę stanowią: jego towarzyszka broni, będąca pierwszym oficerem; jej mąż – pilot; mięśniak, nie spokrewniony z Baldwinami, a cierpiący tylko na przypadkową zbieżność nazwisk; blondwłosa, żeńska wersja startrekowego Scotty’ego; kurtyzana, niespełniona miłość kapitana; nieco tajemniczy duszpasterz; pochodzący z wyższych sfer lekarz Simon Tam, który z braku wyboru został medykiem pokładowym; oraz Glau – występująca w roli siostry medyka. \r\n\r\nFabuła filmu faworyzuje rodzeństwo Tamów – to na nich poluje miejscowe Imperium Zła, reszta załogi w gruncie rzeczy wplątuje się w intrygę z poczucia solidarności. Kłopoty z prawem zaczęły się wtedy, gdy River Tam okazała się genialnym dzieckiem – natychmiast została zabrana do \"specjalnej\" szkoły. Tam wielokrotnie wyprano jej mózg, rozwinięto zdolności telepatyczne i zdewastowano osobowość. Z niewoli odbił ją braciszek, co zaowocowało zmianą statusu społecznego (na zbiegów, poszukiwanych żywych lub martwych), a w końcu zaokrętowaniem się na \"Serenity\", której kapitan nie darzy przedstawicieli prawa zbyt wielkim respektem. River, jak na autystycznego geniusza przystało, co rusz zadziwiała czymś widza, w filmie z kolei dowiadujemy się, że jako telepatka zna największe tajemnice miejscowego złego imperium – a to oznacza, że teraz polowanie zacznie się na serio. Nie chciałbym więcej pisać o fabule, bo jest na tyle sensownie skonstruowana, że poznawanie jej na ekranie sprawia przyjemność. \r\n\r\nEfekty specjalne, dźwięk, gra aktorska, plany zdjęciowe – wszystko trzyma poziom dostatecznie dobry, żeby się tego nie czepiać. Za to chciałbym się przyczepić jednego drobiazgu: scen w kosmosie. Oglądałem wszystkie \"Gwiezdne wojny\", najróżniejsze epizody \"Star Treka\", nawet takie cudo jak \"Wing Commander\" – i ze wszystkich tych obrazów wyciągnąłem jedną, ważną naukę. Otóż w kosmosie nie ma nic, a to nic nazywamy próżnią. W tej właśnie próżni nie ma powietrza, które tłumiłoby dźwięki – dlatego każdy wystrzał działa laserowego, każda salwa z fazerów i uderzenie w pole siłowe, że o odgłosie silników nie wspomnę... W każdym razie, wszystkie te odgłosy doskonale słychać. W przypadku zarówno \"Serenity\" jak i \"Firefly\", podczas scen kosmicznych miałem wrażenie, że nawaliły mi głośniki. Okazuje się, że laicy w sprawach kosmicznych z jakiegoś powodu wierzą, że dźwięk nie może rozchodzić się bez powietrza! Straszne niedopatrzenie ze strony twórców, powinny brać przykład z mądrzejszych i doświadczonych filmowców, którzy stworzyli kanon s-f i bez wątpienia znają elementarne prawa fizyki. \r\n\r\nMówiąc nieco poważniej – \"Serenity\" jest takim filmem, którego nie potrafię się porządnie przyczepić. Nie jest to arcydzieło, ale na pewno kawał dobrego, celuloidowego rzemiosła. Historia jest na tyle ciekawa, że nie ziewałem, wykonanie trzyma właściwy poziom, a akcja szybkie tempo, całość jest okraszona sympatycznym poczuciem humoru... Nawet to, co dla mnie najważniejsze, czyli zawartość Glau w produkcie, jest satysfakcjonująca. Cóż, skoro Summer była jedynym powodem, dla którego przebrnąłem przez obrazę dla mojego intelektu, jaką okazały się \"Kroniki Sary Connor\", jasne jest, że wiele mógłbym wybaczyć każdej produkcji, która dostatecznie mocno skupia się na pokazywaniu Glau. Powodem mojej sympatii dla niej nie są jej talenty aktorskie, nie jest jej uroda, brzmienie głosu, nie chodzi nawet o to, że oglądając bosonogą Summer odkryłem, że prawdopodobnie mam fetysz na punkcie kobiecych stóp. Uwielbiam ją za to, że kiedy się uśmiecha, wygląda zupełnie jak mogwai Gizmo z \"Gremlins\". Zatem jedynym moim zażaleniem do \"Serenity\" (i każdego innego filmu i serialu z Glau) jest to, że odgrywana przez Summer bohaterka zbyt rzadko się uśmiecha.','http://1.fwcdn.pl/po/86/05/108605/7536889.3.jpg','JY3u7bB7dZk',17.50,'2005-12-02 00:00:00','2015-02-18 00:00:00','Joss Whedon'),(20,2,'Zielona mila','zielona-mila-',5,'Emerytowany strażnik więzienny opowiada przyjaciółce o niezwykłym mężczyźnie, którego skazano na śmierć za zabójstwo dwóch 9-letnich dziewczynek.','Nazwanie Franka Darabonta mistrzem w przenoszeniu prozy Stephena Kinga na ekran nie powinno nikogo dziwić. Dlaczego? Ponieważ jak do tej pory tylko on pokusił się to zrobić, a druga sprawa, że wyszło mu to świetnie i prawie bezbłędnie. Dwa filmy - najpierw \"Skazani na Shawshank\", a potem \"Zielona Mila\" przyniosły temu Francuzowi uznanie widzów i rozpoznawalność. \r\n\r\nFilm nakręcono jesienią roku 1999. To właśnie o tej porze roku mają miejsce niecodzienne wydarzenia w Cold Mountain, które zmienią życie Paula Edgecombe\'a \r\n(wspaniała rola Toma Hanksa) na zawsze. Wspomniany bohater to kierownik więziennego bloku E. Ma dobrą pracę, wiedzie spokojne, ustabilizowane życie u boku żony. Życie Paula ulega zmianie, kiedy John Coffey (wzruszający do łez Michael Clarke Duncan) wkracza na Zieloną Milę, bo tak właśnie nazywany jest szeroki korytarz bloku E. \r\n\r\nWbrew pozorom, nie tylko wygląd Coffeya, jako czarnoskórego, oblepionego mięśniami olbrzyma, wzbudza zainteresowanie. Okazuje się bowiem, że pod postacią wielkoluda kryje się bojaźliwy, wystraszony i uczuciowy człowiek nie umiejący pojąć istoty zła na świecie, a co dopiero zdolny do zgwałcenia i zabicia dwóch dziewczynek. Bo takie właśnie było przestępstwo, którego rzekomo miał się dopuścił i za które zapłaci życiem. \r\n\r\nJohn wzbudza w Paulu zainteresowanie po tym, jak go ulecza. Początkowo w klawiszu rodzi się coraz więcej wątpliwości co do słuszności zarzutów wobec Coffeya. Z biegiem czasu, za sprawą cudów dokonywanych przez Johna zdaje on sobie sprawę, z kim ma do czynienia. Uświadamia sobie, że życie Bogu ducha winnego człowieka leży w jego rękach. W walce o jego istnienie jest jednak osamotniony, nie może liczyć na nikogo prócz samego siebie. Bowiem tylko on od Johna dostał szanse objawienia prawdy, co do zarzutów wobec niego. \r\n\r\nNa początku napisałem, że \"Zielona Mila\" to film prawie bezbłędny. Prawie, ponieważ zabrakło mi bardzo modlitwy Johna, której w filmie nie ma, jest zaś w książce tuż przed egzekucją Coffeya. Bohater mówi: \"Mały Jezu, łagodny i miły, módl się za mnie z całej siły, bądź moim oparciem, bądź moim przyjacielem, bądź ze mną do samego końca, Amen\". \r\n\r\nZarówno książka, jak i film wywierają olbrzymie wrażenie. Przeczytawszy książkę, nie sposób nie zobaczyć, jak w filmie została wykreowana postać Johna Coffeya, i odwrotnie. \r\n\r\nObie formy przekazu można uznać za świetne. Na uwagę zasługuje gra wszystkich aktorów, nie tylko głównych postaci filmu, czyli Toma Hanksa i Michaela Clarke Duncana. Genialną rolą może się również poszczycić David Morse jako Brutus \'Brutal\' Howell. Humorystyki w filmie dodaje postać Eduarda Delacroix (Michael Jeter), a właściwie jego myszy, z którą nie rozstaje się i która jest powodem sporu między nim a czarnym charakterem filmu, jakim niewątpliwie jest klawisz Percy Wetmore (Doug Hutchison). \r\n\r\nŚmierć nie ominie nikogo, nawet osoby obdarowanej przez Boga zdolnościami czynienia cudów. Pytanie tylko, kiedy ona nastąpi i w jakich okolicznościach. Dla Paula będzie ona końcem męki i końcem kary za pozwolenia zabicia najwspanialszego człowieka, tak niewinnego i samotnego, jakiego jeszcze nigdy nie było. Swoim bardzo długim życiem i czekaniem na śmierć, która nie wiadomo kiedy się zjawi, odbywa pokutę. Bo jak on sam powiedział : \"Każdy musi umrzeć, wiem, że od tej reguły nie ma wyjątku, ale czasem Boże mój, Zielona Mila jest taka długa\".','http://1.fwcdn.pl/po/08/62/862/7517878.3.jpg','wc4sJU_LVLw',12.50,'2000-03-24 00:00:00','2015-02-18 10:40:52','Frank Darabont'),(21,2,'Forrest Gump','forrest-gump-',4,'Historia życia Forresta, chłopca o niskim ilorazie inteligencji z niedowładem kończyn, który staje się miliarderem i bohaterem wojny w Wietnamie.','W chwili, w której świat go ujrzał, film od razu stał się klasyką. I w końcu nie ma się czemu dziwić. \"Forrest Gump\" to niesamowicie poprawny (w każdym tego słowa znaczeniu) film amerykański, z góry skazany na niesamowite zyski. Bo w tym filmie nie ma się co nie podobać. Ciekawa i wzruszająca fabuła, świetna reżyseria, piękne zdjęcia, dobra obsada. Czego wymagać jeszcze? Nie jest to durna komedyjka dla nastolatek. Nie jest to też wysoko budżetowa \"kicha\", po obejrzeniu której dostaje się oczopląsu i nie wiadomo, o co chodzi. Film niesie przesłanie, które każdy średnio inteligentny człowiek potrafi zrozumieć. A mianowicie, że jeśli czegoś pragniemy, to nic nie stanie nam na przeszkodzie, by to wykonać. Bo tak naprawdę nie jest ważne, jak mądrzy jesteśmy, tylko jakie mamy serce i chęci, bo właśnie to może zmienić wszystko. Film jest pełen sekwencji, które na długo zapadną mi w pamięć, np. jak wiele o człowieku mówią jego buty, \"poznasz głupiego po czynach jego\", \"biegnij, Forrest, biegnij!\", \"nie mam już na ten temat do powiedzenia\" i wiele, wiele innych. \r\n\r\n\r\nFilm opowiada o losach tytułowego Forresta Gumpa (w tej roli rewelacyjny Tom Hanks), prostego, niezbyt mądrego człowieka, który pragnie tylko miłości swojej najlepszej przyjaciółki Jenny oraz dotrzymania złożonych obietnic. Film to jakby wspomnienia bohatera, który przypadkowym ludziom w parku opowiada całe swoje życie. Na początku dowiadujemy się - oczywiście - o dzieciństwie bohatera. Już wtedy jego życie nie było proste, bo musiał zmierzać się z przeciwnościami losu (które najczęściej okazywały się ludźmi), miłością, później z wietnamską wojną, środowiskiem hipisów. Wszystko, co robił Forrest, robił dla ukochanej Jenny, o której pamiętał w każdej sytuacji, mimo że ona nigdy nie odwdzięczyła mu się tym samym. \r\n\r\nW całej historii najważniejsza jest oczywiście osoba głównego bohatera. Forrest nigdy nie był mądry - miał inteligencję poniżej normy. Lecz w jego stereotypowej głupocie kryła się podświadoma mądrość, może nie jako przejaw inteligencji, ale uczuć i wartości. Forrest nie miał problemów jak mądrzy i rozważni ludzie: robił to, co mu kazano i odnajdywał w tym radość, a kiedy miał ochotę robić coś innego, to robił. Nigdy nie zważał na konsekwencje, za to uparcie trzymał się wartości i sekwencji, jakie matka mu wpajała od najmłodszych lat. Forrest może nie posiadał mądrości, ale za to dobre serce. A przecież ono jest o wiele ważniejsze niż umiejętność wykonywania skomplikowanych rzeczy. Mężczyzna był jak dziecko: nazywał rzeczy po imieniu, nigdy nie owijał w bawełnę, robił to, czego w danym momencie potrzebował, uważnie słuchał. Był niesamowicie wyrozumiały i potrafił kochać. Myślę, że wielu widzów mu zazdrości tej determinacji, miłości, zdecydowania. Jego postać również mnie zafascynowała, doszłam nawet do wniosku, że wolałabym mieć jego serce niż umysł jakiegoś zarozumiałego mędrca. Znakomicie w tą rolę wczuł się Tom Hanks. Jest to (zaraz obok Johnny\'ego Deepa) mój ulubiony aktor, i oczywiście w tym obrazie się na nim nie zawiodłam. Idealnie zagrał pokornego, niezbyt inteligentnego, ale za to wiedzącego czego chce mężczyznę, który nie stara się doszukać sensu w życiu, dla którego sensem jest życie. Tomowi należą się ogromne brawa (po części już spełnione, gdyż został nagrodzony Oskarem). Reszta obsady również spisała się bardzo dobrze, w szczególności Gary Sinise, który wcielił się w porucznika Dana Taylora (on natomiast za tę rolę dostał nominację do Oskara). \r\n\r\n\r\nNiesamowicie podobały mi się zdjęcia w filmie. Niektóre krajobrazy były ujęte tak pięknie, że aż zapierało dech. Obrazy były przekonujące i często nakreślały klimat danej sceny. Jest to na pewno wielki plus. Muzyka, jaką słyszymy w filmie, jest muzyką rozrywkową. Na pewno do filmu pasuje i nakreśla jego kształt, klimat. Tak więc generalnie wszystko w filmie jest na \"duże tak z wykrzyknikiem\". \r\nW obrazie nic mnie nie zawiodło. Tylko trochę mi smutno, że jestem taka przewidująca. Bo w końcu scenariusz miał typowo amerykańskie cechy, pewnie wszystko było wyliczone i producenci z góry wiedzieli, że film zostanie okrzyknięty kasowym. No i słusznie myśleli. Scenariusz i idea jest świetna, znakomita realizacja, reżyseria, gra aktorska. Oraz myśl, że jeśli czegoś naprawdę pragniemy, będziemy potrafili to osiągnąć, że to serce i uczucia są naprawdę ważne, bo tylko one potrafią nam dać prawdziwe szczęście? A zdanie \"Biegnij, Forrest, biegnij!\" ma dla mnie jakby jeszcze jedno, głębsze znaczenie. Jest jakby zwrotem do każdego widza, by się nie poddawał, zawsze szedł przed siebie, a nie oglądał na przeszłość, jest jakby podkreśleniem, jak wiele sił drzemie w każdym z nas? I może tym sposobem ludzie powinni szukać swojej drogi na Ziemi, wybierać i robić to, czego los od nich wymaga, bo przecież \"życie jest jak pudełko czekoladek - nigdy nie wiadomo, na co się trafi\".','http://1.fwcdn.pl/po/09/98/998/7314731.3.jpg','uPIEn0M8su0',10.00,'1994-07-04 00:00:00','2015-02-18 10:44:00','Robert Zemeckis'),(22,2,'Requiem dla snu','requiem-dla-snu-',3,'Historia czwórki bohaterów, dla których używki są ucieczką przed otaczającą ich rzeczywistością.','Być może wielu z Was w tytule mojej recenzji znajdzie analogię do dzieła Krzysztofa Kieślowskiego, zatytułowanego \"Krótki film o zabijaniu\". I wcale nie będzie to skojarzenie bezpodstawne. Pamiętamy przecież z jak wielką zawziętością i niespotykanym realizmem polski reżyser przedstawił, krok po kroku, problem kary śmierci, wydobywając z widza emocje prosto z serca. Podobnego zabiegu dokonuje Darren Aronofsky, jednak na warsztat bierze zupełnie inną tematykę. W swym dziele \"Requiem dla snu\" dokonuje przerażającego studium ludzkiego upadku spowodowanego błahymi w istocie marzeniami. \r\n\r\n\r\nAkcja filmu skupia się na czworgu bohaterach z Nowego Jorku. Sara Goldfarb to zapalona fanka telewizji, dzięki której ucieka przed samotnością, charakterystyczną dla ludzi w podeszłym wieku. Jej syn, Harry, odwiedza ją bardzo rzadko, w całości poświęcając czas swojej dziewczynie, Marion. Pełni młodzieńczej werwy planują, wraz z dobrym przyjacielem - mającym już nie raz kłopoty z prawem - Tyrone\'em, otworzyć sklep z ubraniami. Sara w tym samym czasie otrzymuje wiadomość, na którą czekała od lat - wystąpi w programie telewizyjnym. I kiedy każdy z bohaterów realizuje swoje marzenia, pojawia się pewien problem, który całkowicie je rozwieje - uzależnienie. \r\n\r\n\r\nFilmów na temat narkotyków było doprawdy mnóstwo. Jednakże dopiero \"Requiem dla snu\" niejako obnażyło ten problem. Wielu pyta, skąd ten zachwyt nad produkcją Aronofsky\'ego, bo przecież temat stał się już oklepany i nudny, słowem - nic nowego. Chyba żaden inny film w tak dosłowny, przepełniony realizmem, a zarazem brutalny i psychodeliczny sposób nie pokazał, do czego prowadzą narkotyki. Reżyser, gdy wydaje nam się, że już więcej nie może pokazać, dopiero zaczyna \'zabawę\', która u nie jednego widza wywołała szok, wprowadziła w osłupienie bądź po prostu spowodowała płacz. \r\n\r\n\r\nAronofsky, oprócz uzależnień, porusza w swym filmie więcej problemów. Przede wszystkim obala mit o popularnym \'amerykańskim śnie\', który tak wyraźnie widać w hollywoodzkich produkcjach. W jego filmie każdy z bohaterów widzi przyszłość w różowych okularach, szczególnie ci młodzi, ale życie bardzo szybko weryfikuje ich optymizm. Można zadać sobie pytanie, co w tej głównej czwórce robi Sara Goldfarb? Aronofsky mógł przecież zrobić film z młodymi ludźmi, dla młodych ludzi, bo przecież to głównie ich dotyczy problem narkotyków. Jednakże dzięki tej postaci całość jest bardziej uniwersalna i nie skupia się tylko i wyłącznie na \'braniu\' głównych bohaterów (jak to nie raz już było). Sara to postać niesamowicie symboliczna, przemawia przez nią samotność, odrzucenie przez społeczeństwo, brak jakichkolwiek przyjaciół, czy wreszcie zwykła ludzka niemoc. To też jedyna osoba, która nie ze swojej winy popadła w piekło uzależnień. \r\n\r\n\r\nSama fabuła filmu to jedynie niewielki procent z całości, na którą składa się świetne aktorstwo, bardzo oryginalne i wymowne zdjęcia oraz muzyka. Zacznijmy od tego pierwszego - gra aktorów w dziele Aronofsky\'ego to prawdziwy majstersztyk. Wszyscy mieli do zagrania, mniej lub bardziej, skomplikowane postaci, bowiem każda z nich przechodziła swoistą metamorfozę, zarówno fizyczną jak i, przede wszystkim, duchową. Szczególny geniusz pokazała Ellen Burstyn, o jej roli powiedziana już dosłownie wszystko, prawie zawsze w samych superlatywach. Swoje przełomowe i, chyba, życiowe kreacje stworzyli Jared Leto, Jennifer Connelly i Marlon Wayans. Mieli spore pole do popisu. Na dość niekonwencjonalne rozwiązanie, jeśli chodzi o ujęcia, zdecydował się Matthew Libatique - autor zdjęć. Podzielenie ekranu na dwie części, charakterystyczne wstawki podczas zażywania, przyspieszenie bądź spowolnienie obrazu - to wszystko buduje nastrój filmu, jest pewnym smaczkiem, dodaje żywiołowości i realizmu, sprawia, że widz w pewien sposób \'czuje\' to, co dzieje się na ekranie. Główny motyw muzyczny filmu - popularna, jak świat długi i szeroki, \"Lux aeterna\", to już prawdziwa poezja. Tragizm i emocje, jakie niesie ze sobą ten utwór, nierozerwalnie łączy się z dziełem Aronofsky\'ego i nadaje pewnego wyraźnego kształtu całemu filmowi. \r\n\r\n\r\n\"Requiem dla snu\" jest dla kinomaniaka jak ludzkie cierpienie. Nie jest z pewnością miłym doświadczeniem, ale prędzej czy później musimy poznać jego smak.','http://1.fwcdn.pl/po/91/36/9136/6908595.3.jpg','jzk-lmU4KZ4',12.50,'2001-03-16 00:00:00','2015-02-18 10:45:29','Darren Aronofsky'),(23,2,'Nietykalni','nietykalni-',5,'Sparaliżowany milioner zatrudnia do opieki młodego chłopaka z przedmieścia, który właśnie wyszedł z więzienia.','Przyjaźń to podobno najpiękniejsze uczucie na świecie. Lepsze od sympatii, mocniejsze od nienawiści, trwalsze od miłości. Nic więc dziwnego, że dostarcza świetnego materiału na filmy i twórcy czerpią z niej wyjątkowo ochoczo. Mieliśmy już obrazy o przyjaźni męsko-męskiej (\"Skazani na Shawshank\"), przyjaźni kobiecej (\"Thelma i Louise\"), przyjaźni damsko-męskiej, która ponoć nie jest możliwa (\"Once\"), a nawet przyjaźni człowieka z ukochanym zwierzęciem (\"Czas wojny\"). Jednak zdecydowanie najbardziej poruszająca i najbardziej atrakcyjna dla filmowców jest przyjaźń, która nie miała prawa się spełnić. Przeniesienie na ekran historii o uczuciu, które połączyło osoby kompletnie od siebie różne, niemal zawsze spotykało się z mniej lub bardziej przychylnym spojrzeniem krytyki i widzów. Wymienić wystarczy chociażby \"Doskonały świat\" czy znakomity \"Zapach kobiety\". Film Martina Bresta nie jest wspominany przeze mnie przypadkowo, bo na podobnym schemacie, na którym został zbudowany, oparty jest przedmiot tej recenzji - bijący rekordy popularności i wzbudzający zachwyt na kinowych salach, francuski film \"Nietykalni\". \r\n\r\n\r\nOparta na prawdziwych wydarzeniach historia znajomości bogatego, sparaliżowanego jegomościa z wyższych sfer oraz młodego ciemnoskórego chłopaka z paryskich bloków. Nie łączy ich nic, ale to przecież wspaniały początek przyjaźni, bo jeden ma dokładnie to, czego drugiemu brakuje. Obaj wspaniale się uzupełniają, dzięki sobie nawzajem uczą się patrzeć na życie z innej perspektywy. Philippe odzyska radość i sens życia, dowiadując się, że świat widziany z wózka inwalidzkiego również może wyglądać pięknie. Driss zasmakuje dostatniego życia, dokształci się kulturalnie, odbierze cenną lekcję dorastania i z poczciwego złodziejaszka zamieni się w rozsądnego mężczyznę. Wspaniała lekcja życia pozbawiona manieryzmu, kiczu i patosu. Prosta, bezpretensjonalna i ciepła opowieść z serii tych, po których od razu się człowiekowi robi lepiej. A uśmiech nie chce zleźć z twarzy przez długie godziny.  \r\n\r\nTak wspaniale różna od wielu dzisiejszych komedii, które zdecydowanym krokiem zmierzały w stronę kloacznego humoru i niewybrednych dowcipasów (vide \"Kac Vegas\"). Fakt, że komedia stworzona została po to, by rozśmieszać i czepianie się o styl, w jakim to robi, to zwykłe czepialstwo, ale \"Nietykalni\" pokazują, że można rozbawić w sposób wyszukany, inteligentny i naprawdę prosty. Bez uciekania się do pokazywania golizny czy wyrzucania potoków przekleństw. A dodatkowo nieść za sobą celne przesłanie, ale tak, żeby nie wciskać go widzowi na siłę. Tak, żebyśmy sami się domyślili, pomiędzy kolejnymi wybuchami śmiechu, jaki jest morał całej opowieści. A wybuchów śmiechu możecie spodziewać się bardzo wiele, bo wzajemne przenikanie się dwóch różnych kultur i osobowości to ciągle jest świetny temat na zabawne gagi i dialogi. Szczególnie kiedy osobowości są osadzone w autentycznych i szczerych bohaterach. Nie tylko tych głównych, bo kapitalną robotę odgrywają wszyscy, którzy na ekranie się pojawiają. \r\n\r\nNie mam żadnych wątpliwości, że \"Nietykalni\" to najlepsza komedia wielu ostatnich lat. \"Bawi ucząc, uczy bawiąc\"- ten wyświechtany slogan, wytarty niemiłosiernie przez hollywoodzkich reżyserów, pod ręką francuskich twórców zyskał nowy blask. Przynieśli nam bajkową opowieść, która trafi do każdego widza, powodując prawdziwe wzruszenie i niewymuszony śmiech. A co ważniejsze, nie ucierpi na tym nasze poczucie humoru, wolne od kaca amerykańskich sztampowych produkcji. Śmiało można więc zacytować Woody\'ego Allena, który jeden ze swoich filmów zakończył słowami: \"dobrze, że są Francuzi!\". I dobrze, że są \"Nietykalni\".','http://1.fwcdn.pl/po/33/90/583390/7441162.3.jpg','34WIbmXkewU',25.00,'2012-04-13 00:00:00','2015-02-18 11:05:13','Olivier Nakache, Eric Toledano'),(24,7,'Shrek','shrek-',4,'By odzyskać swój dom, brzydki ogr z gadatliwym osłem wyruszają uwolnić piękną księżniczkę.','\"Shrek\", jeden z najbardziej oczekiwanych filmów tego roku, który właśnie wszedł na nasze ekrany, jest na dzień dzisiejszy najbardziej prawdopodobnym kandydatem do zajęcia pierwszego miejsca na mojej prywatnej liście najlepszych filmów roku 2001. Pod względem fabuły, realizacji oraz humoru nie ma bowiem sobie równych i sądzę, że długo jeszcze nie będzie miał. \r\n\r\nO \"Shreku\" głośno było już na długo przed jego oficjalną premierą. Był to bowiem pierwszy od roku 1973 film animowany, który został zakwalifikowany do pokazów konkursowych podczas tegorocznego festiwalu w Cannes i przez wielu krytyków uważany był za jednego z najpoważniejszych kandydatów do Złotej Palmy. Film niestety nagrody nie dostał, ale za to zamiast festiwalowych jurorów doceniła go publiczność, która tłumnie waliła na seanse, dzięki czemu \"Shrek\" zaledwie w przeciągu miesiąca zarobił 200 milionów dolarów i stał się jednym z najbardziej dochodowych obrazów w historii studia DreamWorks. \r\nWreszcie, po dwóch miesiącach od czasu amerykańskiej premiery możemy \"Shreka\" zobaczyć również w Polsce. Od oryginału różni się on tym, iż jest w polskiej wersji językowej, która stoi na niezwykle wysokim poziomie i moim zdaniem ma szanse zjednać sobie nawet najbardziej zatwardziałych przeciwników dubbingu. Przejdźmy jednak do samego filmu, który, jak już wspomniałem wcześniej, zasługuje ze wszech miar na pochwałę i uznanie, a co więcej, jak to będzie udowadniane w poniższym tekście, nie da się opisać. \r\n\r\n\r\nBohaterem \"Shreka\" jest... Shrek, czyli zielonoskóry Ogr. Shrek wiedzie spokojny, acz samotny żywot w centrum bagien na obrzeżach królestwa, gdzie ma święty spokój, a żaden człowiek nie przeszkadza mu swoją obecnością. No może czasami przeszkadza, a Shrek umie sobie z tym poradzić. Pewnego dnia na siedzibę naszego bohatera spada prawdziwa plaga. Otóż władca królestwa, zły Lord Farquaad wyrzuca poza granice swojego kraju wszystkie zamieszkujące go bajkowe istoty. Bezdomne stworzenia postanawiają schronić się u Shreka, który przyzwyczajony do samotności nie może znieść obecności tylko gości w swoim otoczeniu. Wyrusza zatem na audiencję do Farquaada, który obiecuje wpuścić wygnańców z powrotem do królestwa pod warunkiem, że Shrek przyprowadzi mu uwięzioną od wielu lat w wieży księżniczkę Fionę, którą lord pragnie poślubić. Zdesperowany Ogr zgadza się i tak rozpoczyna się największa przygoda jego życia, dzięki której spotka swoją miłość, stawi czoła krwiożerczej, acz kochliwej smoczycy, pokona mówiącego z francuskim akcentem Robin Hooda i przeżyje całą masę innych, nie mniej nieprawdopodobnych wydarzeń. \r\n\r\nW tym miejscu muszę przyznać, że \"Shrek\", w przeciwieństwie do np. \"Pearl Harbor\" nie da się streścić w trzech zdaniach a powyższy opis daleko, niestety, odbiega od tego, co oglądamy na ekranie. Historia opowiedziana w obrazie jest bowiem jedynie pretekstem do całej masy żartów polegających na odwoływaniu się do istniejących baśni, filmów, osób oraz wydarzeń. Tego się po prostu nie do opowiedzieć, to trzeba zobaczyć. \r\n\r\nDrugim powodem, dla którego \"Shreka\" nie da się opowiedzieć jest sposób realizacji filmu. Obraz ten został bowiem w całości zrealizowany przy użyciu grafiki komputerowej, której efekty widzieliśmy już co prawda przy \"Toy Story\", ale to co serwują nam specjaliści z DreamWorks jest nie tylko lepsze, ale wręcz ośmielę się powiedzieć, wyznacza nowy sposób realizacji filmów animowanych komputerowo. Stworzony w \"Shreku\" świat zachwyca swoją dokładnością i realnością. Filmowi bohaterowie poruszają się niemalże, jak rzeczywiste istoty. Grafikom z DreamWorks udało się na ekranie pokazać nie tylko ruch ich ciał, ale również mimikę twarzy, falowanie włosów, a nawet ruchy mięśni. To samo tyczy się otaczającego ich środowiska, do którego wykonania wykorzystano m.in. nagrodzony System Animacji Płynów (FLU) autorstwa oczywiście specjalistów z DreamWorks. \r\nEfekt jaki dzięki temu osiągnięto jest zniewalający. Jeżeli do tego wszystkiego, do tego całego przywiązania do detali i realizmu dołożymy jeszcze utrzymany w baśniowej, może nawet trochę kreskówkowej, konwencji wygląd bohaterów i świata to otrzymamy mieszankę piorunującą, której, jak już napisałem to kilkakrotnie wcześniej, oczywiście nie da się opisać. \r\n\r\nOpisać się nie da również błyskotliwych dialogów i doskonałego dubbingu, nad realizacją którego czuwała oczywiście niezastąpiona Joanna Wizmur. Głosów głównym bohaterom \"Shrek\" użyczyli wybitni polscy aktorzy, m.in.: Jerzy Stuhr, Zbigniew Zamachowski oraz Adam Ferency. Jak się można domyśleć wygłaszane przez nich kwestie są niezwykle zabawne, a potęguje to jeszcze fakt, iż część dialogów została przetłumaczona w taki sposób, że też albo parafrazują, albo wręcz cytują wypowiedzi znane z wielu polskich filmów np. \"Seksmisji\". Wierzę zatem, że tak umiejętne połączenie błyskotliwego tłumaczenia i profesjonalnie wykonanego dubbingu przekona do polskiej wersji językowej wszystkich. Miałem okazję oglądać \"Shreka\" i po polsku i po angielsku i z pełną odpowiedzialnością stwierdzam, że wersja rodzima podobała mi się bardziej. Oczywiście część żartów zniknęła bowiem np. była nieprzekładalna na język polski, ale w zamian pojawiły nowe, jak np. wspomniany powyżej cytat z \"Seksmisji\". Tego rodzaju zmiany są jednak nie do uniknięcia i wydaje mi się, iż większość osób to zrozumie. Dla osób, które jednak do dubbingu odczuwają awersją niepokonaną dystrybutor przygotował również możliwość obejrzenia \"Shreka\" w wersji z napisami. Niestety, przygotowano tylko dwie takie kopie filmu, zatem nie będzie ich można obejrzeć w całej Polsce, ale wszystkim, którzy przedkładają wersje oryginalne nad dubbing polecam obejrzenie obu wersji filmu. \r\n\r\nPodsumowując, \"Shreka\" się nie da opowiedzieć i jestem przekonany, że wszyscy, którzy film obejrzą, bez wahania zgodzą się z tym stwierdzeniem. Obraz ten jest bowiem postmodernistyczną baśnią, inteligentną i przewrotną zabawą z widzem, której siła tkwi w oryginalnym oraz dowcipnym scenariuszu, doskonałej animacji, a także perfekcyjnym dubbingu. Oglądając \"Shreka\", bawiłem się dużo lepiej niż na \"Uciekających kurczakach\", które do niedawna uważałem za najlepszą komedię ostatnich lat. Teraz palmę pierwszeństwa przejął zielony Ogr. Gorąco polecam obejrzenie \"Shreka\". Jestem przekonany, że spodoba się wszystkim.','http://1.fwcdn.pl/po/95/09/9509/7579423.3.jpg','W37DlG1i61s',12.50,'2001-07-13 00:00:00','2015-02-18 19:20:43','Andrew Adamson, Vicky Jenson'),(25,7,'Madagaskar','madagaskar-',4,'Lew, zebra, hipopotam i żyrafa zostają wysłane statkiem z nowojorskiego zoo do Afryki. Pośrodku oceanu ich klatki wypadają za burtę pokładu, w wyniku czego zwierzęta lądują na brzegu egzotycznej wyspy.','Po przeciętnych \"Rybkach z ferajny\" studio DreamWorks Animation powraca na ekrany nowym, animowanym komputerowo filmem, którym udowadnia, że nadal pracują w nim ludzie znający recepturę na dobre kino. Najnowsze dzieło wytwórni zatytułowane \"Madagaskar\" to 80 minut śmiechu i zabawy w doskonałym wydaniu będące poważnym kandydatem do miana najlepszej komediowej produkcji lata. \r\n\r\n\r\nLew Alex, żyrafa Melman, zebra Marty i hipopotamica Gloria pędzą spokojne i dostatnie życie w nowojorskim Zoo. Jako największe atrakcje placówki nie mogą narzekać na brak jedzenia i cieszą się szczególnymi względami personelu. Pewnego dnia Marty stwierdza jednak, że takie życie już mu nie odpowiada. Zafascynowanymi snującymi skomplikowane plany ucieczki pingwinami postanawia zobaczyć jak wygląda świat poza murami ogrodu zoologicznego. W noc swoich urodzin ucieka z klatki a w pogoń za nim ruszają jego przyjaciele. W rezultacie cała czwórka wyląduje na egzotycznej wyspie Madagaskar, gdzie życie nie okaże się usłane różami a w zwierzętach obudzą się naturalne instynkty, co pod znakiem zapytania postawi dotychczasową przyjaźń lwa i zebry. \r\n\r\nPo premierze \"Rybek z ferajny\" narzekałem, że twórcy na siłę starali się zrobić film, który w jednakowy sposób spodobałby się i dzieciom i dorosłym, w rezultacie tworząc dzieło miałkie oraz mocno infantylne. Przy \"Madagaskarze\" studio nie powtórzyło już tego błędu. Najnowsza produkcja DreamWork Animation adresowana jest wyraźnie do dzieci choć i rodzice będą się na nim bardzo dobrze bawić. \r\n\r\nObiektywnie patrząc \"Madagaskar\" nie jest kolejnym kamieniem milowym popularnego gatunku komputerowych animacji. Scenariusz wykorzystuje sprawdzony i oklepany pomysł polegający na osadzeniu głównych bohaterów w obcym dla nich środowisku, głosów postaciom użyczyli popularni aktorzy (w polskiej wersji językowej m.in. Artur Żmijewski, Piotr Adamczyk i Małgorzata Kożuchowska) a całość bogato okraszono postmodernistycznymi, intertekstualnymi żartami odnoszącymi się do znanych filmów i przejawów kultury masowej. Uważni widzowie na pewno dostrzegą nawiązania do tak głośnych produkcji, jak \"Gorączka sobotniej nocy\", \"Rydwany ognia\", \"Planeta małp\". \"Cast Away - Poza światem\", a nawet \"American Beauty\" i \"Misja\". \r\nTen prosty i przewidywalny scenariusz został jednak wzbogacony o taką ilość humoru, że oglądając film zwyczajnie nie mamy czasu, żeby zastanawiać się nad jego niedoskonałościami. \r\n\r\nLiczba gagów i żartów, które scenarzystom udało się upchnąć w 80-minutowym filmie, jest imponująca. Praktycznie co chwilę na ekranie jesteśmy świadkami zdarzeń bądź wymiany zdań, które na sali, a szczególnie wśród młodych widzów, wzbudzają huragany śmiechu. Co ważne, zdecydowana większość z nich autentycznie bawi i nie sprawia wrażenia - co było poważnym mankamentem \"Rybek z ferajny\" - wciśniętych na siłę. \r\n\r\nOd strony technicznej \"Madagaskar\" również prezentuje się dobrze. Mimo, iż główni bohaterowie przedstawieni zostali w uproszczony, karykaturalny sposób obdarzono ich bardzo \"ludzkimi\" gestami i mimiką, które nawiązują do zachowań aktorów podkładających głos w oryginalnej wersji obrazu. Jeśli więc w niektórych scenach Alex będzie przywodził wam na myśl Bena Stillera, to wcale nie przez przypadek. \r\n\r\nZa polską wersję językową odpowiada sprawdzony duet Bartosz Wierzbięta (dialogi) i Joanna Wizmur (reżyseria dubbingu). Wśród aktorów, którzy użyczyli głosów głównym bohaterom, oprócz wymienionych wcześniej usłyszeć możemy również Jarosława Boberka, Klaudiusza Kaufmanna, Arkadiusza Jakubika i Tomasza Bednarka. I choć zabrakło wśród nich \"kreacji\" na miarę Osła ze \"Shreka\", to jednak dubbing wypada bardzo dobrze. \r\nPochwalić muszę również Bartosza Wierzbiętę za to, że wreszcie zrezygnował z maniery \"uśmieszania\" kwestii na siłę i natrętnych odniesień do polskich realiów, co irytujące rozmiary osiągnęło w przywoływanych w tym tekście już kilka razy \"Rybkach z ferajny\". Teraz dialogi nie sprawiają wrażenie sztucznych, są autentycznie zabawne, a piosenka króla Juliana \"Wyginam śmiało ciało\" w wykonaniu Jarosława Boberka ma szansę stać się naprawdę wielkim przebojem. :) \r\n\r\n\"Madagaskar\" to zdecydowanie jedna z najzabawniejszych premier tego roku. Sam film, choć nie dorównuje \"Shrekowi\", czy dziełom studia Pixar, oferuje 80 minut doskonałej rozrywki w towarzystwie ciekawych i oryginalnych bohaterów, którzy zdobędą sympatię widzów w każdym wieku, a wielu z Was jeszcze długo po projekcji wspominać będzie niesamowite sceny z udziałem pingwinów - moim zdaniem największych gwiazd obrazu. Gorąco polecam.','http://1.fwcdn.pl/po/75/35/107535/7521192.3.jpg','feJhlG9XcJY',7.50,'2005-07-01 00:00:00','2015-02-18 19:27:02','Tom McGrath, Eric Darnell'),(26,7,'Ratatuj','ratatuj-',3,'Szczur Remy marzy o karierze kucharza. Pewnego dnia trafia do ekskluzywnej paryskiej restauracji.','Pixar nie popełnia błędów. \"Ratatuj\" to znowu ta sama genialna mieszanka dzikiego poczucia humoru, pierwszorzędnej animacji i beczki pomysłów, których mógłby pozazdrościć każdy szanujący się scenarzysta. Czy obrzydliwe stworzenie może być mistrzem kuchni? Reżyser Brad Bird nie widzi w tym żadnego problemu. \r\n\r\n\r\nSzczur Remy to znawca dobrego jedzenia. Rodzina nie docenia jego pasji, bo przecież \"żarcie to żarcie\". Nasz mały przyjaciel ma jednak szczęście: dane jest mu widzieć ducha właściciela restauracji - geniusza kulinarnego, który w dodatku dysponuje przepisem niesamowitej potrawy. Remy wchodzi w układ z młodym kuchcikiem zaczynającym właśnie pracę w lokalu zmarłego. Obaj bohaterowie robią furorę w Paryżu... \r\n\r\nTwórcy pompują w film wystarczającą dawkę dowcipu, by całość działała niczym dobry szampan. W przeciwieństwie do większości zwierzęcych bohaterów z filmów animowanych, które ostatnimi czasy gościły na naszych ekranach, Remy ma Osobowość. Odzywa się rzadko, ale charyzmą i zaangażowaniem bije na głowę ostatniego \"Shreka\" i resztę \"Stefanów Malutkich\". Igraszki szczura i młodego adepta gotowania mają w sobie atomowy ładunek energii, co przekłada się na pierwszorzędną rozrywkę u widza. Nie będę rozpisywać się nad jakością animacji - jest tak fenomenalna, że recenzja kleiłaby się od cukru bogatego w związki ocho-achowe. \r\n\r\nW odróżnieniu do \"Iniemamocnych\" (poprzedni film Birda) \"Ratatuj\" nie bawi się w piętrowe odniesienia do kultury popularnej. Jest jak kuchnia francuska: smakowity i lekki, choć z dawką ambicji. Remy to \"ghostcook\" (przez analogię do ghostwritera) - mistrz, który wykorzystuje swój talent, by gwiazdą stał się kto inny. Czuć tu refleksję nad losem artystów zmuszonych pracować dla miernot show-bussinesu brylujących w świetle reflektorów. \r\n\r\nGdzieś w tle błąka się oczywiście morał, ale całość ginie pośród cudów dla podniebienia i oczu. \"Ratatuj\" sprawdza się zarówno jako program kulinarny (nic dziwnego, że autorzy polskiego dubbingu zatrudnili do jednej z ról Karola Okrasę) i bajka dla milusińskich. Starzy i młodzi do kina marsz! A po filmie wycieczka do dobrej restauracji - trzeba jakoś uczcić kolejny sukces Pixara.','http://1.fwcdn.pl/po/33/12/123312/7653373.3.jpg','jOGDozdW9Yo',10.00,'2007-10-19 00:00:00','2015-02-18 19:31:12','Brad Bird'),(27,7,'Zaplątani','zapl-tani-',2,'Żyjąca na odludziu Roszpunka, której włosy mają magiczną moc, marzy, by poznać świat. Jej przepustką do wolności jest czarujący łotrzyk Flynn.','Disney zawsze słynął z konserwatywnych poglądów.  Nikogo nie zdziwi więc informacja, że nowa animacja wytwórni opowiada o zaletach jak najdłuższego dziewictwa. Jego symbolem są w \"Zaplątanych\" obdarzone magicznymi właściwościami włosy głównej bohaterki, Roszpunki. Każdy, kto ma z nimi kontakt i zna odpowiednie zaklęcie, może regularnie poddawać się kuracji odmładzającej. Włosów nie wolno jednak obcinać – przy pierwszym kontakcie z nożyczkami tracą one bowiem swoje moce. Dobrze poinformowana starucha  porywa dziewczynkę i zamyka ją w wysokiej wieży. Roszpunka spędza w niej osiemnaście lat, piorąc, gotując i sprzątając. Przez całe swoje dotychczasowe życie miała kontakt jedynie z trzema książkami, w związku z czym nie jest osobą szczególnie wyedukowaną. Szowiniści powiedzieliby nawet, że idealnie nadaje się na gospodynię domową. Trzeba jej tylko znaleźć odpowiedniego partnera. Jednak kawaler, którego twórcy upatrzyli dla Roszpunki, nie robi dobrego pierwszego wrażenia. Jest zapatrzonym w siebie złodziejaszkiem, który bez mrugnięcia okiem potrafi wykiwać partnerów w przestępstwie. Czy dla kogoś takiego warto poświęcić swą czystość? \r\n\r\nWątpliwości natury fryzjersko-ginekologicznej stanowią dla reżyserów okazję do stworzenia klasycznej opowieści o wielkiej miłości, spełnianiu marzeń i starciu dobra ze złem. Ciemną stronę mocy reprezentuje w filmie odmładzająca się dzięki włosom Roszpunki starucha. Czary pozwalają jej z powrotem stać się dojrzałą, apetyczną kobietą. Niestety, jak pokazują \"Zaplątani\", uroda i seksapil nie mają żadnych szans w konfrontacji z młodością oraz niewinnością. Starucha zdaje sobie z tego sprawę i dlatego za wszelką cenę stara się nie wypuszczać młodej zakładniczki z wieży. Nie tylko obawia się stracić magiczne włosy, ale też nie chce robić sobie konkurentki. \r\n\r\n\r\nZ okazji okrągłego jubileuszu (\"Zaplątani\" to pięćdziesiąta pełnometrażowa animacja Disneya) postanowiono sięgnąć do źródeł i wpleść w akcję musicalowe sekwencje. Napisane według reguł starej szkoły piosenki łatwo wpadają w ucho i stanowią dobre uzupełnienie dla scen pogoni i romantycznych uniesień. W filmie pojawia się kameleon, duchowy brat świerszcza z \"Pinokia\" i  świetlika z \"Księżniczki i żaby\". Gad, choć nie jest gadatliwy, ma sprawny język, a w podbramkowych sytuacjach służy bohaterom pomocą. \r\n\r\nTwórcy czerpali również inspirację ze \"Zwariowanych melodii\". Postaci zaliczają na ekranie upadki z dużych wysokości niczym Diabeł Tasmański i Królik Bugs. Jednak, zamiast wylądować na bajkowym OIOMie z otwartym złamaniem, strzepują z siebie kurz i ruszają w dalszą drogę. Po seansie warto więc uświadomić młodych widzów o szkodliwości naśladowania \"Zaplątanych\". \r\n  \r\nFilm powinien spodobać się fanom zarówno klasycznych produkcji Disneya, jak i współczesnych obrazów sygnowanych przez wytwórnię Myszki Miki. Tempo akcji jest szybkie, animacja pieści oko, a bohaterowie są dowcipni i wyraziści. Kasy kina nie powinny spodziewać się reklamacji po seansie.','http://1.fwcdn.pl/po/28/32/122832/7343444.3.jpg','BFEJzWi9fcc',12.50,'2010-11-26 00:00:00','2015-02-18 19:34:35','Nathan Greno, Byron Howard'),(28,12,'Incepcja','incepcja-',5,'Czasy, gdy technologia pozwala na wchodzenie w świat snów. Złodziej Cobb ma za zadanie wszczepić myśl do śpiącego umysłu.','To dziwne, że gatunek  zwany z angielska \"heist film\" nigdy nie doczekał się właściwej polskiej nazwy. Być może po \"Incepcji\" sytuacja ta ulegnie zmianie, bo też najnowsze dzieło Christophera Nolana mimo całego sztafażu SF to pierwszorzędna opowieść o skoku niemożliwym mająca szanse zapisać się w kanonie gatunku. \r\n\r\nCobb (Leonardo DiCaprio) jest specjalistą w dziedzinie ekstrakcji – wydobywania informacji wprost z ludzkich snów. Zarabia miliony, lecz mimo to nie może dostać tej jedynej rzeczy, na której mu naprawdę zależy: bliskości dzieci. Jest bowiem człowiekiem poszukiwanym przez amerykańskie władze w związku z podejrzeniem o dokonanie morderstwa. Kiedy zatem kontaktuje się z nim pewien japoński biznesmen i w zamian za wykonanie zlecenia oferuje wyczyszczenie kartoteki, Cobb mówi \"tak\". Problem w tym, że zadanie wydaje się niemożliwe do realizacji, a przynajmniej piekielnie trudne. Cobb jednak organizuje ekipę, przygotowuje plan i rusza w świat sennych marzeń, by dokonać incepcji – zasadzenia w umyśle śpiącego obcej idei tak, by przyjął ją za własną. \r\n\r\n\r\nTo, co następuje później to kino sensacyjne pełną gębą. Intryga się komplikuje, zwroty akcji następują jeden za drugim tak, że niczego już nie można być pewnym. Kto jest kim, gdzie przebiega granica między jawą a snem – wystarczy chwila nieuwagi, a można się zupełnie pogubić. Pościgi, strzelaniny, piętrzące się problemy, a wszystko to wewnątrz snu, który osadzony jest wewnątrz innego snu, który osadzony jest wewnątrz kolejnego snu, który... Przy Cobbie i jego towarzyszach ekipa Oceana sprawia wrażenie przedszkolaków bawiących się pluszowymi misiami. \r\n\r\n\"Incepcja\" to przede wszystkim popis reżyserskiego kunsztu Nolana. Choć mamy tu do czynienia ze skomplikowaną konstrukcją, gdzie akcja rozgrywa się na kilku płaszczyznach jednocześnie, film ani na chwilę nie traci tempa. Dwie i pół godziny seansu mija ekspresowo, a ostatnie pół godziny ogląda się z zapartym tchem i mocno bijącym sercem. Zaś po ostatnim ujęciu wiele osób nie usiedzi spokojnie na miejscu, podczas gdy ich rozgorączkowane umysły będą próbowały uporządkować doświadczenie i zinterpretować wydarzenia, jakich byli świadkami. \r\n\r\nZnakomite zdjęcia, cudowna muzyka (\"Time\" to prawdziwe mistrzostwo świata!), doskonały montaż sprawiają, że od strony technicznej film wydaje się wręcz wzorcowy. Tak właśnie powinno się budować napięcie i angażować uwagę widza. Od strony aktorskiej \"Incepcja\" również prezentuje się nieźle, choć przy tak licznej obsadzie nie dało się uniknąć potknięć. Najlepiej wypadają Joseph Gordon-Levitt i Tom Hardy. Z kolei nad Leonardo DiCaprio i Marion Cotillard wiszą niczym miecz Damoklesa ich wcześniejsze role (kto widział \"Incepcję\", ten będzie wiedział o co mi chodzi). \r\n\r\nW recenzji celowo pomijam element dotyczący relacji jawa-sen. Nolan bowiem zachęca widzów do samodzielnego wysnuwania wniosków, dając pole do popisu ludzkiej wyobraźni. Można wręcz powiedzieć, że możliwość dokonywania interpretacji w dużej mierze stanowi o uroku filmu. Dlatego też nie zamierzam psuć widzom zabawy. Sami musicie zdecydować, w co uwierzyć. Jedno jest pewne o \"Incepcji\" łatwo nie zapomnicie.','http://1.fwcdn.pl/po/08/91/500891/7354571.3.jpg','zrPGHWiZVVU',20.00,'2010-07-08 00:00:00','2015-02-18 19:40:37','Christopher Nolan'),(29,12,'Mroczny Rycerz','mroczny-rycerz-',5,'Batman, z pomocą komisarza Gordona i prokuratora Harveya Denta, występuje przeciwko przerażającemu i nieobliczalnemu Jokerowi, który chce pogrążyć Gotham City w chaosie.','W \"Księdze Drogi i Cnoty\" czytamy: \r\nKiedy [ludzie] dowiadują się, że dobro jest dobrem, \r\npojawia się i zło. \r\nDlatego byt i niebyt rodzą się nawzajem, \r\ntrudne i łatwe rodzą się nawzajem. \r\nTę samą prawdę, w wersji przetrawionej przez komercyjną maszynerię wielkich wytwórni filmowych i wyplutej w postaci łatwo przyswajalnej papki, przekazuje nam również Christopher Nolan w \"Mrocznym rycerzu\". Ambitne, epickie widowisko ma w sobie wszystkie cechy czyniące z niego obiekt pożądania młodych, gorących umysłów nastolatków. Niestety sam Nolan nie wytrwał w Drodze i zboczył na ścieżkę Kompromisu. Ta tragiczna w swych konsekwencjach decyzja czyni z filmu obraz ułomny, daleki od tego, czym rzeczywiście mógł się stać. Oczywiście trzeba oddać Nolanowi sprawiedliwość i stwierdzić, że przy takim budżecie nie mógł on swojej wizji w pełni urzeczywistnić. Innym jest jednak pytanie, czy będąc tego świadomym powinien w ogóle próbować. Nolan, podobnie jak bohaterowie \"Mrocznego rycerza\", odpowiada na nie twierdząco. Jednak skutki takiej postawy są wielce niszczycielskie i dla bohaterów, i (niestety) dla reżysera. \r\n\r\nPrzez dwie-trzecie filmu \"Mroczny rycerz\" jest obrazem ocierającym się wręcz o genialność. Nolan nasyca go mrokiem, desperacją, zapuszczając bohaterów w labirynt bez wyjścia. Buduje atmosferę doskonale znaną czy to z \"Memento\" czy też z \"Bezsenności\". Rzeczywistość powoli rozpada się pod wpływem decyzji podejmowanych przez główne postaci filmu: Batmana, Gordona, Denta. Pierwsze minuty filmu to czas ich triumfu. Jest to jednak zarazem początek ich końca. Im większy wprowadzają w mieście porządek, tym większy chaos wkrada się na ulice Gotham City. Gdzie pojawia się dobro, tam rodzi się zło. I tu pojawia się paradoks i dramat bohaterów: świat dąży do równowagi, im silniejsze jest prawo, tym większe jest parcie na zło. Im skuteczniejszy jest w swej walce ze \"złem\" Batman, tym skuteczniejszy w walce z \"dobrem\" jest Joker. \r\n\r\n\r\nNolan genialnie buduje mroczną atmosferę na granicy histerii i szaleństwa. Batman, Joker i Dent walczą ze sobą nawzajem i ze swoimi własnymi demonami. Zostają postawieni pod ścianą, a jednak nie potrafią odrzucić tego kim są. W swym zaślepieniu kontynuują walkę, choć coraz lepiej widać, że niszczy ona i ich, i wszystkich wokół. Przez chwilę zdaje się, że Batman wyrwie się z tego piekła, lecz jest to tylko złudna nadzieja. I tak oto Nolan doprowadza historię prawie na szczyt wielkości i... \r\n\r\nNic. Absolutnie nic. Nolan poddaje się wymogom komercji. Wypacza narzuconą filmowi konwencję, wprowadzając kompletnie nieuzasadnione psychologicznie dobro i patos. Każda kolejna minuta końcówki jest torturą nie do wytrzymania dla tych, którzy z fascynacją i otwartymi ustami śledzili wcześniejsze losy bohaterów. Wywołujące torsje deklaracje o szlachetności ludzkości i \'cichym bohaterstwie\' miażdżą genialną produkcję, sprowadzając ją do poziomu kolejnej hollywoodzkiej cepeliady. Nolan oddaje pola i choć sam zdaje się w zakończenie nie wierzyć (próbując tu i ówdzie przemycić nieco z wcześniejszego cynicznego punktu widzenia) wykonuje oczekiwania wielkiej wytwórni. Koniec końców \"Mroczny rycerz\" okaże się tylko kolejną adaptacją komiksu... z pustymi ambicjami. To zapewnia zyski, lecz prawdziwy artysta na kompromis nigdy nie idzie. \r\n\r\nRealizatorsko \"Mrocznemu rycerzowi\" nie można nic zarzucić. Zdjęcia zapierają po prostu dech w piersi, a muzyka stanowi ich doskonałe uzupełnienie. Heath Ledger w roli Jokera dalej poszerzał swoje emploi, grając rolę zaskakująco odmienną od wszystkiego, co pokazał wcześniej. Charyzmatyczny, groteskowy, fascynujący – jego Joker jest właśnie taki, jakim być powinien. Ledger zagrał go na tyle przekonująco, że stał się on bytem niezależnym od wcześniejszych Jokerów, a w szczególności od słynnej kreacji Jacka Nicholsona. Mniej widowiskową, ale równie interesującą kreację stworzył Aaron Eckhart jako Harvey Dent. Idealnie zaprezentował zarówno jasną, jak mroczną stronę osobowości prokuratora okręgowego. Bale gra zaś nieinwazyjnie. Można psioczyć, że jego chrypa brzmi nazbyt kuriozalnie, a kostium lepiej pasowałby do sex shopu, ale nie psuje to zanadto ani odbioru postaci Batmana, ani filmu. \r\n\r\n\"Mroczny rycerz\" okazał się filmem dużo lepszym od swojego poprzednika. Jest to też chyba najlepszy film wysokobudżetowy, jaki w tym roku trafia do naszych kin. Jednak Nolan przez chwilę pokazał nam prawdziwy artystyczny potencjał tkwiący w micie o Batmanie i było to widowisko fascynujące, dlatego też patetyczne zakończenie tak bardzo rozczarowuje i boli. Niestety takie są prawa rynku, których nie da się chyba ominąć.','http://1.fwcdn.pl/po/63/51/236351/7198307.3.jpg','3VDcwvDlUzs',12.50,'2008-08-08 00:00:00','2015-02-18 19:48:52','Christopher Nolan'),(30,12,'Interstellar','interstellar-',4,'Byt ludzkości na Ziemi dobiega końca wskutek zmian klimatycznych. Grupa naukowców odkrywa tunel czasoprzestrzenny, który umożliwia poszukiwanie nowego domu.','Christopher Nolan jest mistrzem w zawieszaniu naszej niewiary. Bezbłędna dynamika pojedynczych scen oraz wewnętrzna logika rozbudowanych, montowanych równolegle sekwencji pozwalała mu dotąd odwracać uwagę nie tylko od rzeczywistości wyzutej z humoru i seksu, ale też od myślowych banałów i fabularnych głupot. Akceptowaliśmy wątki fantastyczne w \"Prestiżu\", Człowieka-Nietoperza we współczesnym Chicago udającym Gotham, a nawet fikumikator elemeledudkowy pozwalający penetrować kolejne warstwy snu w \"Incepcji\", ponieważ Nolan wiedział, jak przekuć słabości tekstu w siłę: za pomocą każdego niedopowiedzenia lub wątpliwego elementu podkręcał filmowy spektakl. W \"Interstellar\" tymczasem – obrazie, który nie jest ani kryminałem, ani kinem akcji, ani adaptacją superbohaterskiego komiksu, tylko bolidem Nolana w wyścigu z największymi, od Kubricka po Malicka – ta moc nie działa. \r\n\r\n photo.title\r\n\r\nPierwszy samobój pada już w prologu. Oto z serii quasi-dokumentalnych ujęć z \"gadającymi głowami\" dowiadujemy się o wielkiej rebelii Matki Ziemi przeciw eksploatującej jej zasoby ludzkości oraz o śmiałkach, którzy ruszają w gwiazdy, by szukać dla homo sapiens ratunku. I choć rzeczona konwencja nie obiecuje wcale naukowej rozprawy, podobnie jak zwrot Nolana w stronę twardej fantastyki nie musi być gwarancją drugiego \"Solaris\", to jednak wymusza nieco bardziej złożony rysunek świata, bohaterów, planu, który mają wykonać, oraz problemu, z którym muszą się zmierzyć. Na ekranie tymczasem pojawiają się kolejne klisze i postaci wykrojone z hollywoodzkiego szablonu. Prym wśród nich wiodą Cooper (Matthew McConaughey) – ekspilot, którego wypadek skutecznie sprowadził na ziemię i który wciąż marzy o powrocie w gwiazdy, oraz nadzorujący misję naukowiec Brand, który wraz z twarzą Michaela Caine\'a dostaje do wygłoszenia obowiązkową porcję proroctw i egzystencjalnych bon-motów. Nawiasem mówiąc,  zdania-zaklęcia płyną z ust wszystkich bohaterów jak z odkręconego kranu. \r\n\r\n\r\nKiedy wreszcie Nolan puszcza fabularną machinę w ruch, robi się jeszcze ciekawiej. Cooper, zaintrygowany magnetyczną anomalią szalejącą w jego domu, odkrywa wkrótce tajny ośrodek NASA, w którym czeka już rakieta gotowa do międzywymiarowych podróży. Potencjalnie najmocniejsza w filmie elipsa pokazuje go tuż po rozstaniu z córką, zalanego łzami, odjeżdżającego pick-upem w stronę ośrodka – na obraz zostaje nałożony dźwięk odliczania do startu kosmicznego wahadłowca. To pierwsza efektowna scena, w której Nolanowi – inaczej niż zwykle – nie udaje się odwrócić naszej uwagi od istotnych pytań. Kiedy ponownie przeszkolono Coopera? Jakim cudem dostał fuchę pilota \"na twarz\"? Kto miał pilotować za niego? Kim w zasadzie są jego załoganci? Z takich scen składa się cały \"Interstellar\". \r\n\r\n photo.title\r\n\r\nJako że większość filmu wypełniają napisane bez polotu, akademickie dyskusje, reżyser nie ma w zasadzie czym kontrapunktować naszpikowanego banałami tekstu. Najpierw podaje więc serię wykładów o działaniu czarnych dziur, w których – niczym w szkole podstawowej – za materiał ilustracyjny służy kartka papieru przebita długopisem. Potem jest odjazd w rejony, które dawno zaorał już Erich von Daniken. W końcu zaś przychodzi czas na newage\'ową puentę o miłości pokonującej czas i przestrzeń. \"Interstellar\" ma ambicje wielkiej fantastyki – z jej próbami racjonalizacji irracjonalnego i świeckim przeświadczeniem o człowieku będącym panem własnego losu – jednak za mało tu dbałości o detale, a za dużo logicznych dziur i kosmicznych bzdur. Po tym filmie naprawdę docenicie \"Grawitację\" Cuarona za subtelny rysunek psychologiczny bohaterów, a \"W stronę słońca\" Boyle\'a za uroczy w swojej bezpretensjonalności pomysł na \"zresetowanie\" zagrażającej Ziemianom gwiazdy za pomocą ładunku nuklearnego. \r\n\r\nStylizacja na retro sci-fi służy filmowi o tyle, że pozwala Nolanowi wykreować odpychającą, brudną, niemal namacalną przestrzeń statków kosmicznych oraz wspaniałe krajobrazy odwiedzanych przez bohaterów planet. Podoba mi się industrialny sznyt scenografii, przywodzący na myśl \"Obcego\", tyle że w filmie Scotta jest to uzasadnione fabularnie: bohaterowie to wracający z szychty załoganci statku górniczego. Tutaj z kolei warstwa wizualna wydaje się jedynie mostem przerzuconym pomiędzy Nolanem a szacownymi klasykami. Ujęcia kosmicznych anomalii, czarnych dziur i innych międzywymiarowych tras szybkiego ruchu robią wrażenie, zwłaszcza że Hans Zimmer wreszcie zilustrował je ścieżką dźwiękową, która nie kwalifikuje się jako autoplagiat. To jednak nie wystarcza, by uczynić z \"Interstellar\" widowisko będące czymś więcej niż hołdem dla estetycznej wrażliwości pionierów ambitnego sci-fi. To za mało, by zapomnieć o nadekspresyjnym, zbliżającym się do granicy autoparodii Matthew McConaugheyu, o przeciążonym niezrealizowanymi ambicjami scenariuszu, o banałach i głupotach podawanych z kamienną twarzą. Słowem, o wszystkim, co znajdziemy pod cienką warstwą patyny.','http://1.fwcdn.pl/po/56/29/375629/7670122.3.jpg','zSWdZVtXT7E',25.00,'2014-11-07 00:00:00','2015-02-18 19:53:47','Christopher Nolan'),(31,12,'Iron Man','iron-man-31',4,'Tony Stark buduje supernowoczesną zbroję. Multimiliarder postanawia walczyć ze złem jako Iron Man.','Tony Stark (Robert Downey Jr) pije whisky z lodem, zalicza panienki z rozkładówek \"Maxima\", a w wolnym czasie konstruuje broń masowego rażenia. Krótko mówiąc: swój chłop. Bohaterem nie targają rozterki moralne do czasu, aż zostaje pojmany na pustyni przez grupę rebeliantów pod wodzą łysego demona (Faran Tahir). Ten rozkazuje bohaterowi skonstruowanie śmiercionośnych rakiet, dzięki którym mógłby władać okolicą. Tony czuje, że po spełnieniu zadania zostanie zlikwidowany i próbuje temu przeciwdziałać. W prymitywnych warunkach tworzy metalową zbroję. Dzięki niej udaje mu się oswobodzić z rąk prześladowców i wrócić do USA. Nie jest już jednak tym samym człowiekiem – odkrył, że produkowana przez niego broń służy mordowaniu niewinnej ludności. Snuje plany ratowania świata w kostiumie superbohatera, co niezbyt podoba się jego bliskiemu współpracownikowi (Jeff Bridges). \r\n\r\n\"Iron Man\" pod pozorem komiksowej rozróby pokazuje jak z szanowanego Republikanina zrobić naiwnego Demokratę. Stark święcie wierzy, że dzięki swej bojowej zbroi jest w stanie ocalić świat. Bohater (a może twórcy?) nie zauważają jednak, że wszystkie walki z bandytami mają wymiar mikro i nie zmieniają ogólnej sytuacji na świecie. Zamiast ładować miliony dolarów w militarne zabaweczki, należałoby wspomóc finansowo uchodźców z Darfuru bądź szkoły w Afryce. Serce ma się po lewej stronie, a portfel po prawej. \r\n\r\n\r\nPolityka polityką, a widz oczekuje wybuchów, jęku umierającego motłochu i iskier sypiących się z wgniatanego metalu. Czego tu nie ma? Utrzymaną w \"oldschoolowym\" stylu potyczkę z rebeliantami jest w stanie pobić chyba tylko podniebna ucieczka przed myśliwcami. W przeciwieństwie do większości prymitywów odpowiedzialnych za komiksowe ekranizacje reżyser szanuje osobę, która kupiła bilet na jego film. \"Iron Man\" pozbawiony jest infantylizmu, trzyma dobre tempo i ma dopalacze w postaci skrzących humorem dialogów. \r\n\r\nRakietowym balem przebierańców rządzi jednak Downey Jr tworzący na ekranie postać kabotyńskiego miliardera. Ten facet potrafi wyznać dziennikarzom wprost: \"jestem Iron Manem\". Nie musi się kryć z drugą tożsamością jak pospólstwo w typie Spider-Mana. Lubi się go bez zastrzeżeń. Szkoda tylko, że niedola wśród terrorystów przetrąciła w nim słuszny światopogląd.','http://1.fwcdn.pl/po/25/41/122541/7211112.3.jpg','8hYlB38asDY',12.50,'2008-04-30 00:00:00','2015-02-18 19:58:41','Jon Favreau'),(32,11,'Propozycja','propozycja-',1,'Kiedy bracia Charlie i Mike Burns zostają schwytani przez policję, kapitan Stanley składa starszemu z nich propozycję.','Tytuł jest krótki, niepozorny i trywialny, lecz kryje się za nim prawdziwe dzieło sztuki, dorównujące najlepszym dokonaniom z długiej i burzliwej historii westernu. Walki z bandytami rozgrywają się wśród dzikich regionów Australii, a bohaterowie, fabuła i scenografia stylizowane są na amerykański Dziki Zachód. Akcja rozgrywa się w drugiej połowie XIX wieku, zaś w tle cywilizowanie kraju i związana z nią dyskryminacja Aborygenów. Zrealizowany w koprodukcji australijsko-brytyjskiej western Johna Hillcoata pt. Propozycja zaczyna się od ostrzeżenia, że film zawiera fragmenty obraźliwe dla rdzennych mieszkańców kontynentu. Były one jednak konieczne by przedstawić tę nietolerancję i tyranię wobec wszelkich przejawów inności. Ten film to jednak przede wszystkim brawurowo zrealizowana i zagrana opowieść o brutalnych kryminalistach, poszukiwanych przez obrońców prawa za napady, gwałty i morderstwa.\r\n\r\nJuż na samym początku można się dowiedzieć na czym polega tytułowa propozycja i jaka jest cena za uratowanie życia bliskiej osoby. Kiedy dwaj bracia zostają schwytani po dokonanej zbrodni kapitan policji powinien ich aresztować i wsadzić za kratki, gdzie powinni czekać na proces. On jednak postanawia pójść z nimi na układ. Aresztuje młodszego z braci, zaś starszemu daje propozycję nie do odrzucenia. Jeśli chce uchronić siebie i młodszego brata przed karą śmierci musi zabić najstarszego brata, który jest bandytą wyjątkowo bezlitosnym i wydaje się osobą najbardziej nieuchwytną, do której nikt obcy się nie zbliży, jedynie brat może do niego podejść i zadać mu zabójczy cios. Kiedy kapitan Stanley bije najmłodszego z braci, a potem proponuje układ, trudno wyczytać z jego twarzy czy naprawdę chce uratować młodego przed szubienicą czy może kierują nim jakieś ukryte, nieznane motywy. Z czasem ta postać ciekawie się rozwija, ujawniając pod powłoką twardego funkcjonariusza szereg wątpliwości i uczuć, wrażliwość i delikatność. Stara się zachować rozsądek i zimną krew i jak na prawdziwego twardziela przystało może zostać poskromiony tylko przez kobietę. Ray Winstone i Emily Watson zagrali małżeństwo, które żyje w ciągłym bólu i strachu, lecz próbuje się cieszyć przynajmniej tym, że są razem i mogą liczyć na siebie nawzajem.\r\n\r\nA jak jest z braćmi Burns? Czy również mogą sobie nawzajem ufać? Czy będą ryzykować życie, by uratować najmłodszego brata przed karą śmierci? Czy Charlie Burns odważy się zabić starszego brata by uratować młodszego? Bohaterowie tego filmu postawieni są przed trudnymi wyborami, które zadecydują o ich dalszym życiu. Jednak nawet wybór właściwej ścieżki może ich skazać na pełne goryczy i smutku samotne życie bez żadnych perspektyw i szans na lepszą przyszłość. Z filmu nie dowiadujemy się, co skłoniło braci do zajęcia się zbrodniczym procederem, ciężko też ocenić czy najmłodszy z braci jest niegroźny i niezdolny do gwałtu lub morderstwa. Kapitan Stanley też nie jest tego pewien, lecz usilna chęć schwytania najgorszego bandyty, będącego największym zagrożeniem dla spokojnych obywateli, sprawia, że staje się pozytywnym bohaterem i łatwo uwierzyć w jego teorie i skuteczność metod postępowania. Zdrowy rozsądek i pogarda dla nieuzasadnionej przemocy w połączeniu z kontrolowaną agresją i odwagą mogłyby przyczynić się do tego, że pokonałby najgorsze zło w tych stronach, gdyby nie głupota, impulsywność i chęć zemsty tutejszych cywilizowanych, lecz dzikich i pełnych nienawiści osobników.\r\n\r\n\r\n\r\nCzęsto podkreśla się, że od czasu Bez przebaczenia (1992) Clinta Eastwooda nie powstał już żaden wybitny western. Po obejrzeniu Propozycji mam wątpliwości, bo jest to rewelacyjny film, w którym wszystkie elementy filmowego języka prezentują wysoki poziom. Scenariusz Nicka Cave\'a bezlitośnie rzuca odrażających, brudnych i złych bohaterów w sam środek piekła, w którym nie istnieją żadne reguły i każdy może być łowcą lub ofiarą. Podobnie jak w Dzikiej bandzie (1969) mamy tu dwie grupy, z których jedna stanowi grupę pościgową i legalną władzę, druga to zaś przeznaczeni do likwidacji zbrodniarze. Jednak w Propozycji nie ma miejsca na lojalność i przyjaźń, każdą z grup zżera od wewnątrz nienawiść i w tej odciętej od reszty świata Australii trudno komukolwiek zaufać, bo każdy może wbić nóż w plecy drugiej osobie.\r\n\r\nSceny przemocy zrealizowane są przez Johna Hillcoata z mistrzostwem godnym Sama Peckinpaha, a film mimo że pozbawiony jest szybkiej akcji maksymalnie wciąga, dostarcza mocnych wrażeń oraz prowokuje do przemyśleń i zastanowienia się nad kondycją gatunku westernu. Zdjęcia australijskiej przyrody i balladowa muzyka Nicka Cave\'a także idealnie współgrają z opowiadaną historią. Nie można też zapomnieć o doborowej obsadzie. Jak na western przystało męska część ekipy aktorskiej najbardziej się wyróżniła i jedynie Emily Watson wypada niezbyt przekonująco, choć bez wątpienia jest zdolną aktorką. Natomiast Guy Pearce i Danny Huston w rolach drapieżnych recydywistów, John Hurt w roli podstarzałego i nieustępliwego łowcy nagród oraz Ray Winstone jako wchodzący w układy z przestępcami kapitan policji stworzyli kapitalne kreacje mężczyzn żyjących na granicy Dzikiego Zachodu i Cywilizacji, mizantropijnej nienawiści i niezdefiniowanego do końca prawa. Propozycja to western z najwyższej półki, który można zaproponować do obejrzenia każdemu wielbicielowi kina spod znaku rewolweru, strzelby i ludzi wyjętych spod prawa. W nowym millennium to jak na razie najlepsza pozycja w swoim gatunku.','http://1.fwcdn.pl/po/15/83/181583/7523984.3.jpg','e15QBlzs0Ro',5.00,'2005-09-12 00:00:00','2015-02-18 20:08:32','John Hillcoat'),(33,11,'Appaloosa','appaloosa-',5,'Dwaj rewolwerowcy przybywają do miasteczka terroryzowanego przez bandę bogatego ranczera.','Western to w dzisiejszych czasach gatunek nieco zapomniany. Producenci niechętnie sięgają po historie osadzone na Dzikim Zachodzie. Jeżeli już to robią, są to zazwyczaj nowe wersje starych filmów - jak na przykład \"15:10 do Yumy\". W tym gatunku prym wiedzie Clint Eastwood ze swoim \"Bez przebaczenia\". Jest także Kevin Costner z \"Bezprawiem\". Jednak po nich dość długo nie było dzieła charakterystycznego, które przywróciłoby dawny blask filmom spod znaku saloonów i rewolwerów. Swoich sił postanowił spróbować także aktor Ed Harris, biorąc na cel powieść Roberta Parkera. \r\n\r\n\"Appaloosa\" oryginalnością nie grzeszy. Mamy zatem tych złych (bandyta) i tych dobrych (szeryf). Zniewolone miasteczko oraz piękne kobiety. Klimat westernowy jest zachowany. Dbałość o szczegóły także. Stroje i dekoracje robią wrażenia, a aktorzy spisują się w swoich rolach więcej niż wiarygodnie. \r\n\r\n\r\nW filmie tym nie uraczymy powalającej akcji. Nie ma tutaj wiele strzelanin i pościgów, ani pojedynków \"jeden na jednego\", które są tak charakterystyczne w tym gatunku. Ulice nie pustoszeją, ludzie nie uciekają w panice oczekując na rozwój wypadków. Według mnie jest to spory plus tej produkcji. Harris skupił swoją uwagę na samych bohaterach i relacjach jakie ich łączą. Męska przyjaźń pomiędzy dwójką głównych bohaterów jest wyraźnie zaakcentowana, ale ukazana ze sporym dystansem. Mężczyźni są twardzi i oddani. Nie rusza ich nawet piękna kobieta, która staje między nimi. Krajobrazy są przyjazne dla oka i idealnie odgrywają rolę Dzikiego Zachodu. Zdjęcia nie są agresywne, a montaż nie jest rwany. \r\n\r\nEd Harris odgrywa swoją rolę bardzo swobodnie, aczkolwiek ze sporym zacięciem. Coś na wzór Johna Wayne\'a. Nieodżałowany Aragorn - Viggo Mortensen partneruje mu na swoim, bardzo dobrym poziomie, nie dając się zepchnąć na drugi plan. Zawodzi Renée Zellweger, która jest tutaj niestety tylko dodatkiem, bo do zagrania nie miała zbyt wiele, a jej postać jest zbyt prosta, by można by było z niej wycisnąć coś więcej. \r\n\r\nCały film ogląda się dobrze, choć niektórych może znudzić narracja, w którą Harris się zagłębia. Nieśpieszny rozwój wypadków nie zawiera w sobie napięcia, ani żadnego zaskoczenia. Fabuła zbyt mocno widza nie zaciekawia i nie wciąga, ale nie umniejsza to filmowi w żaden sposób. To produkcja, która obrała fajną drogę na nawiązanie do starych klasyków gatunku. Kto docenia taką pracę, doceni i \"Appaloosę\".','http://1.fwcdn.pl/po/53/40/335340/7243461.3.jpg','Sw1XFu-mFVk',5.00,'2008-09-05 00:00:00','2015-02-18 20:14:11','Ed Harris'),(34,11,'Bez przebaczenia','bez-przebaczenia-',5,'Emerytowany rewolwerowiec podejmuje się zemsty na zlecenie okaleczonej prostytutki.','Clinta Eastwooda znamy z wielu wcieleń i genialnych kreacji, ale świat podbił jako kowboj. To właśnie od westernów zaczęła się jego wielka kariera. Przede wszystkim od \"Dolarowej trylogii\", ale nie tylko. Przez wiele lat wcielał się w różnych samotnych (lub mniej samotnych) jeźdźców. Można powiedzieć, że Eastwood jest jedną z najbardziej rozpoznawanych ikon westernów. Jest wręcz do nich stworzony. Tak więc po 60-tce ikona gatunku postanowiła w wielkim stylu zakończyć swoją pełną sukcesów i doświadczeń przygodę z westernami. Nie można zrobić tego lepiej, niż nakręcić, wyprodukować i zagrać w filmie uważanym za ostatni z klasycznych i \"wielkich\" westernów. \r\n\r\nZwieńczenie to nastąpiło w 1992 roku. Wtedy to Clint Eastwood nakręcił klasyk, który przeszedł do historii. Uwagę zwraca przede wszystkim genialna obsada. Reżyser zgromadził fantastyczną ekipę z Genem Hackmanem i Morganem Freemanem na czele. Na szczególne uznanie zasługuje też scenarzysta David Webb Peoples (\"Łowca androidów\") – stworzył on świetny skrypt, w którym każde zdanie i zdarzenie coś ze sobą niesie. \r\n\r\n\r\n\"Bez przebaczenia\" nie jest bynajmniej filmem rozrywkowym w stylu \"Dobry, zły i brzydki\". To przede wszystkim dramat, którego akcja rozgrywa się na Dzikim Zachodzie. Znaleźć tu można dużo bólu i cierpienia. Rozmyślanie nad życiem i śmiercią obecne jest niemal od pierwszej do ostatniej minuty filmu. \r\n\r\nJednak rzeczą, która urzeka najbardziej, jest to, że dosłownie wszystko ma tu swój sens. Ciężko znaleźć słowo lub zdarzenie, które nie miałoby znaczenia, nie byłoby małym trybikiem w tym perfekcyjnie działającym mechanizmie. Dodatkowego smaku dodaje klimat. Akcja dzieje się tutaj zimą, dzięki czemu nie ma słonecznego i sielankowego nastroju, który sprzyja wykańczaniu kolejnych wrogów i dążeniu do celu. Wręcz przeciwnie, świat jest ponury, idealnie współgra z głównym bohaterem \r\n\r\nJest nim William \'Bill\' Munny – były rewolwerowiec i alkoholik, morderca kobiet i dzieci słynący ze swego okrucieństwa. Zmienił się dzięki swej żonie, która zmarła. Wychowuje dwójkę dzieci, z którymi pracuje na nieprosperującej farmie. Głównie z tego powodu decyduje się na zabicie dwóch kowbojów, którzy pokaleczyli prostytutkę, za co dostanie do podziału tysiąc dolarów. Podejmuje taką decyzję mimo iż cały czas wmawia sobie, że jest innym człowiekiem, że wszystko, co robił było winą alkoholu. Zadanie wykonać ma wraz ze swoim starym przyjacielem Nedem i młodym Schofieldem – dzieciakiem, który myśli, że zabijanie jest banalne jak w opowieściach o kowbojach.  \r\n\r\nTo wszystko sprawia, że \"Bez przebaczenia\" nabiera ogromnego moralnego (nie tylko) sensu. To film łamiący zasady westernu. Na ironię, szeryf jest antagonistą, a morderca protagonistą. Nie oznacza to jednak, że szeryf jest zły i zasługuje na śmierć bardziej niż główny bohater. Takie paradoksy nadają filmowi smaku i niepowtarzalnej, genialnej oryginalności. \r\n\r\n\"Bez przebaczenia\" to ostatni z wielkich… i niewątpliwie jeden z najwybitniejszych westernów w historii. Nie znajdzie się tu kowbojów z uśmiechem na twarzy strzelających do kolejnych przeciwników, lecz prawdziwych ludzi, którzy przegrywają z własnymi słabościami i ze swoją przeszłością. Clint Eastwood z bagażem westernowych doświadczeń stworzył arcydzieło nie tylko w swojego gatunku, ale również klasyk światowej kinematografii.','http://1.fwcdn.pl/po/12/41/1241/7468629.3.jpg','L7UHLpuLG2M',7.50,'1992-12-31 00:00:00','2015-02-18 20:19:51','Clint Eastwood'),(35,11,'Bezprawie','bezprawie-',1,'Czterech mężczyzn postanawia zerwać z przeszłością i rozpocząć nowe, uczciwe życie. Trafiają do miasteczka Harmonville, którym rządzi bezwzględny ranczer, Denton Baxter.','Byłam kilka dni temu na babskich Andrzejkach. Moja przyjaciółka opowiedziała dowcip. Idzie zmęczony wilk przez las. Wlecze za sobą ogon, powłóczy łapami. Spotyka go zając. – Wilku, co się stało? Ktoś cię pobił? – Daj spokój – mówi wilk – Całą noc musiałem tańczyć z Costnerem. \r\nBardzo się tym żartem ubawiłam. Ale następnego dnia do śmiechu mi już nie było. Bo Costner ma skłonność do męczenia nie tylko zwierzątek. \r\n\r\n\r\nJego najnowszy film eksploatuje popularny obecnie wątek nieczystych powiązań świata polityki i biznesu. Żeby nie było tak oczywiście ubiera swoich bohaterów w kowbojki, kapelusz i spodnie z frędzlami. \r\nZasadnicze elementy fabuły mieszczą się w konwencji westernu. Mamy więc charakterystycznych bohaterów (np. dobry zły facet, złoczyńcy o plugawych twarzach), konflikt natury i cywilizacji, typowe rekwizyty. Małe miasteczko, położone wśród malowniczych stepów, trzymają w garści skorumpowany szeryf i bogaty ranczer. Ten ostatni nie chce, by ktokolwiek pasł bydło na terenach, które uważa za swoje własne. Szczególnie, jeśli jest to wędrująca ze swym stadem grupa kowbojów pod wodzą Bossa (Robert Duvall). Gdy ludzie szeryfa biją i aresztują jednego z ludzi Bossa, ten postanawia położyć kres bezprawiu. Wraz ze swoją prawą ręką Charleyem (Kevin Costner) rusza do walki z bydlakami. Czyli – wszystko po staremu. Skąd jednak pomysł nakręcenia w XXI wieku prostego filmu o walce dobra i zła, zupełnie pozbawionego fajerkwerków technicznych i efektów specjalnych? \r\n\r\nKevin Costner po wielkim sukcesie \"Tańczącego z wilkami\" angażował się w coraz gorsze produkcje, by wymienić choćby \"Wodny świat\" czy \"300 mil do Graceland\". Filmem \"Bezprawie\" najwyraźniej chciał powrócić do formy sprzed lat. Bezskutecznie. Jego obraz eksploatuje motywy westernu, ale bardzo wtórnie. Widać to choćby w sposobie przedstawiania postaci, które Costner buduje oczywistymi chwytami. Charley jest twardym facetem, ale kocha swoją suczkę Tig i wozi małe cielątka na swoim koniu. Takie sceny pokazywane są kilka razy, jakby reżyser nie doceniał (inteligencji? pamięci?) widza. \r\nNowe elementy Costner dodaje zaś nie tam, gdzie trzeba. Przykładem jest scena, w której kowboje palą hawańskie cygara i jedzą szwajcarską czekoladę (czyżby aluzja do globalizacji?). Zamiast \"uwspółcześnić\" postacie kowbojów, ich konflikt wewnętrzny, reżyser skupia się na błahych szczegółach. Bohaterowie wydają się chronicznie zmęczeni, jakby ten stan miał tłumaczyć sam przez się ich skomplikowaną sytuację psychologiczną. A może to znużenie wynika tylko z wieku, który w latach 80. XIX wieku uznano by za podeszły? \r\n\r\nWszystko to Costner na koniec okrasił garścią pretensjonalnych, banalnych dialogów i rzewną muzyką. Miłe złego początki, ale koniec żałosny, chciałoby się rzec po 139 minutach projekcji. Czasy kowbojów, szlachetnych bohaterów, triumfalnych odjazdów ku zachodzącemu słońcu dawno się skończyły. I w życiu i w kinie. \"Bezprawie\" jest trochę jak bajka dla dorosłych, na którą wszyscy jesteśmy za duzi.','http://1.fwcdn.pl/po/81/16/98116/7564548.3.jpg','bQN10B2OlyI',7.50,'2004-12-03 00:00:00','2015-02-18 20:26:40','Kevin Costner'),(36,10,'Milczenie owiec','milczenie-owiec-',4,'Seryjny morderca i inteligentna agentka łączą siły, by znaleźć przestępcę obdzierającego ze skóry swoje ofiary.','\"Milczenie owiec\", film J. Demme\'a z roku 1991, jest jednym z najlepszych thrillerów psychologicznych naszych czasów. Scenariusz do filmu napisał Ted Tally na podstawie bestsellerowej powieści Thomasa Harrisa o tym samym tytule. \r\n\r\n\"Milczenie owiec\" to historia śledztwa prowadzonego przez FBI w sprawie brutalnych morderstw na kobietach, popełnianych przez tajemniczego psychopatycznego mordercę, zwanego Buffalo Billem, lubującego się w obdzieraniu ofiar ze skóry. Film rozpoczyna się w momencie, gdy szef sekcji behawioralnej Crawford powierza młodej studentce, Clarice Starling, zadanie porozmawiania z pacjentem zakładu dla obłąkanych, słynnym dr. Hannibalem Lecterem, skazanym za bestialskie morderstwa i kanibalizm. W czasie rozmów doktor okazuje się inteligentną i tajemniczą osobą, która niespodziewanie może posiadać ważne informacje na temat psychopatycznego mordercy i pomóc w schwytaniu go, zanim kolejna kobieta zostanie pozbawiona życia. \r\n\r\n\r\nObraz J. Demme\'a jest jednym z najlepszych filmów, jakie miałem okazję obejrzeć. Do jego największych atutów niewątpliwie należy aktorstwo, świetne zagrane wyraziste postacie doktora Hannibala Lectera - w tej roli Anthony Hopkins - i młodej studentki akademii FBI, Clarice Starling, w którą wcieliła się Jodie Foster. Hopkins jest odtwórcą roli psychopaty dr. Lectera, osoby nieprawdopodobnie inteligentnej i błyskotliwej potrafiącej wejść w psychikę człowieka i odczytywać wszystkie choćby najmniejsze gesty w perfekcyjny sposób. Brytyjski aktor popisał się wspaniałymi umiejętnościami aktorskimi i w ciągu niespełna 20 minut - jakie występuje w filmie - stworzył kreację, która zapadła w pamięć widzów i krytyków na całym świecie, czego efektem była w pełni zasłużona nagroda Akademii dla najlepszego aktora. Aktorka Jodie Foster - odtwórczyni roli C. Starling - w filmie prezentuje swoje niebywałe umiejętności, dotrzymując kroku brytyjskiemu aktorowi i kreując jednocześnie doskonałą i silną  postać kobiecą. Doskonale partnerujący ze sobą A. Hopkins i J. Foster wynoszą ten film na bardzo wysoki poziom a ich - świetnie napisane przez scenarzystę - dialogi podczas, których poznajemy historie głównej bohaterki i znaczenie tytułu, stają się prawdziwą ozdobą dzieła. \r\n\r\nKolejnym mocnym punktem obrazu jest jego ponury klimat, który wraz z przemyślaną reżyserią i świetną pełną napięcia muzyką autorstwa Howarda Shorea sprawiają, że widzowi udziela się nastrój dzieła i przeżywa akcję, jakby sam w niej uczestniczył. \r\n\r\nDzieło podbiło serca publiczności i zostało docenione także przez krytyków, zdobywając wiele prestiżowych nagród, w tym 5 Oscarów w najważniejszych kategoriach. \r\n\r\n\"Milczenie owiec\" dzięki niezapomnianym kreacjom aktorów, trzymającym w napięciu scenariuszowi i reżyserii stał się doskonałym filmem i szybko urósł do rangi klasyka. Według mnie jest to jedna z najlepszych adaptacji, jakie kiedykolwiek powstały i długo jeszcze nie powstanie film, który mu dorówna.','http://1.fwcdn.pl/po/10/47/1047/7241863.3.jpg','v4HAWRqSTyI',10.00,'1991-12-31 00:00:00','2015-02-18 21:46:09','Jonathan Demme'),(37,10,'Sekretne okno','sekretne-okno-',4,'Uznany pisarz przenosi się na prowincję, by w spokoju tworzyć kolejne książki. Wkrótce odwiedzi go tajemniczy mężczyzna, który oskarży Raineya o plagiat.','Hollywood uraczyło nas kolejną ekranizacją pisarskiego dzieła Stephena Kinga \"Sekretne okno, sekretny ogród\". O ile do samego dzieła filmowego trudno mieć jakieś większe zastrzeżenia, to podstawowym jego mankamentem jest strona fabuły pochodzącej od poczytnego pisarza. \r\n  \r\n\r\n\r\nFilm Davida Koeppa ogląda się z przyjemnością głównie dzięki znakomitej grze aktorskiej. Mile zaskakuje znowu Johnny Depp (Mort Rainey) który udowadnia, że nie musi grać przylizanych playboyów strzelających z broni długolufowej, aby wykazać się kunsztem aktorskim. Zmiana wizerunku, widoczna od \"Piratów z Karaibów\" wyraźnie mu służy. John Turturro znakomicie pasuje do roli mleczarza rodem z Missisipi (John Shooter). Zaś Mari Bello chyba trochę za mało na ekranie, aczkolwiek promocja jej nazwiska z pewnością słusznie będzie wiązana z \"Sekretnym oknem\". \r\n  \r\n\r\nWspomniałem już, że najbardziej rozczarowuje sama fabuła. Oglądając film ma się nieodparte wrażenie próby powtórzenia sukcesu \"Lśnienia\". King bowiem pisze ciągle te same historie o ludziach, których życie totalnie się poplątało i wobec tych trudności kreują sobie nową rzeczywistość. Nie dziwię się Kingowi, bo znalazł sposób na zarobienie pieniędzy niskim nakładem sił twórczych, powtarzając oklepane schematy. Dziwi mnie natomiast nieprzerwane czerpanie z dorobku tego pisarza, które staje się udziałem w sumie uznanych już twórców kina amerykańskiego. Wątpię, aby brakowało dobrych scenariuszy i pomysłów na filmy w kraju tak interesującym jak USA. David Koepp jest autorem scenariuszy do sztandarowych produkcji Hollywood (\"Jurassic Park \", \"Spider-Man\", Mission: Impossible) i jest nieco frapujące poddanie się podobno ambitnego filmowca schematom Kingowskim. \r\n  \r\n\r\nAle prawdopodobnie znowu zadecydowały względy finansowe - iluż to niezdecydowanych widzów pójdzie jednak do kina pod wpływem elektryzującego tekściku: \"np. powieści Stephena Kinga\". Jest to jakiś sposób, ale ja proponuję raczej jeszcze raz obejrzeć \"Lśnienie\" mistrza  Kubricka z o wiele lepszym Jackiem Nicholsonem w roli głównej, niż utwierdzać włodarzy Hollywood w przekonaniu, że ekranizować Kinga wciąż się opłaca.','http://1.fwcdn.pl/po/85/86/98586/6906598.3.jpg','fpcIG1Ze22Y',12.50,'2004-04-16 00:00:00','2015-02-18 21:50:26','David Koepp'),(38,10,'Anioły i demony','anio-y-i-demony-',4,'Ekranizacja powieści Dana Browna. Profesor uniwersytetu Harvarda Robert Langdon trafia na trop wielowiekowego bractwa znanego pod nazwą Iluminaci.','\"Anioły i Demony\" to kolejna odsłona kultowych przygód profesora Roberta Langdona, znanego z \"Kodu da Vinci\". \"Anioły...\" choć powstały później, poprzedzają akcję \"Kodu\". Już przed premierą, która miała miejsce 15 maja 2009, produkcja wzbudziła wiele emocji. Powodem było z pewnością podejście Dana Browna do Kościoła katolickiego. Zresztą premiera pierwszego filmu również wywołała ogromne poruszenie w środowisku religijnym. Spowodowała wielki skandal, którego szczerze mówiąc, nie rozumiem. Przecież to film, a nie dokument. Nikt się nie bulwersuje, kiedy Harry Potter lata na miotle. Czemu więc, kiedy profesor Langdon stwierdza, że Jezus miał dziecko, wywołuje to tyle emocji? Czy krytycy, którzy nazywają film nieudanym, mają rację, czy może są sceptycznie nastawieni? \r\n\r\n\r\nAnalizując film widzimy wiele \"ulepszeń\". Pierwsza wersja w niektórych momentach wydawała się multimedialną notką z encyklopedii. W nowej odsłonie mamy znacznie mniej nużących faktów, a kiedy się już pojawiają, są świetnie zgrane z muzyką i wyjaśnione w sposób, który powoduje pojawienie się ciarek na moich plecach. Przez cały czas film trzyma nas w niepewności. Akcja goni akcję, nie mamy czasu odetchnąć. Wszystko dzieję się szybko, ale trudno się dziwić, bo jak inaczej zmieścić kilkaset stron książki w kilkudziesięciu minutach filmu? Akcja jest wartka, co sprawia, że widz nie ma czasu na znudzenie się czy przyśniecie. \r\n\r\nHistoria ma zdecydowanie genialne wejście. Siedząc w kinie, dosłownie wgniotło mnie w fotel. Niby krótka historyjka o papieżu, jego śmierci i ceremoniale z tym związanym, a jednak ma to \"coś\". Kolejna scena to laboratorium, z którego ginie antymateria, a profesor dowodzący badaniami zostaje zamordowany. Później widzimy już głównego bohatera. Trochę jakby zmienionego? Więcej mimiki? Inne włosy? Może Tom Hanks postanowił ulepszyć coś w Langdonie? No więc, Watykan jest na tyle zdesperowany, aby prosić o pomoc profesora Langdona. Ktoś porwał czterech kardynałów. Konklawe jest wstrzymywane. Mówiąc najprościej, Stolicy Apostolskiej grozi zagłada. Profesor oczywiście zgadza się udzielić pomocy (czyżby liczył na pomoc w uzyskaniu zgody na dostęp do archiwum Watykanu?) i wraz z Vittorią Vetrą starają się nie dopuścić do katastrofy. Film trzyma w napięciu cały czas. Osoby, które wydają się pomocne okazują się zdrajcami, a nieczuli formaliści oddanymi stróżami prawa. Jedno jest pewne, po tym filmie większość osób powie \"wow\". \r\n\r\nWiększość również będzie musiała przyznać, że film jest dobrym thrillerem. Jak już wcześniej wspomniałam, konflikt Watykanu z twórcami filmu był na tyle silny, że obydwie strony musiały pójść na kompromis. W końcu Watykan uznał Dana Browna i jego powieści za nieszkodliwy stek bzdur. No, ale oczywiście nie pozwolił kręcić filmu w środku wielu zabytków i kaplic. No, ale czego można się było spodziewać? Zresztą ekipa i z tym sobie świetnie poradziła. Jako przeciętny widz (a nie znawca sztuki) nie widzę różnicy. Ba! Gdybym wcześniej nie wiedziała, że zdjęcia nie były kręcone w autentycznych miejscach, pewnie bym tego nie zauważyła. Tak więc ekipa spisała się doskonale. Muzyka jest oczywiście zachwycająca. No, ale czy można było się spodziewać czegoś innego po Hansie Zimmerze? Ron Howard znów jako reżyser i znów odniósł sukces. Tom Hanks chyba bardziej się postarał. Czyżby krytyka działała budująco? Ayelet Zurer, mało znana aktorka, jednak w rolę seksownej pani naukowiec wcieliła się doskonale. Zachwycił mnie Ewan McGregor, który udowodnił, że jest dobrym aktorem. Jedna z lepszych jego ról. Oczywiście jest wielu innych, dobrych drugoplanowych aktorów. No, ale nie dziwmy się. Ten film był tworzony z perfekcją. \r\n\r\nWarto też wspomnieć, że wielkie zamieszanie wokół filmu przysporzyło same korzyści filmowi i książce. Może kontrowersyjny sposób pisania Dana Browna jest świetnym zabiegiem promocyjnym? Bo przecież na film nie poszli tylko fani, ale również osoby, które chciały się przekonać, co tym razem wymyślił autor. Czyżby księża też przyczynili się do sukcesu \"Aniołów…\"? \r\n\r\nMoja prywatna opinia jest zdecydowanie pozytywna. Świetny film, który ogląda się na jednym wydechu z ciarkami. Nie ma w nim banału, romansu, prostych rozwiązań, rozwiązłej historii, tylko po prostu dobre kino akcji, które polecam każdemu, kto lubi przygody Indiany Jonesa czy Benjamina Gatesa.','http://1.fwcdn.pl/po/03/32/330332/7248812.3.jpg','MgvQTIggyn4',15.00,'2009-05-15 00:00:00','2015-02-18 21:54:52','Ron Howard'),(39,10,'Kolekcjoner kości','kolekcjoner-ko-ci-',5,'Ekranizacja powieści Jeffery\'ego Deavera. Sparaliżowany i pogrążony w depresji detektyw Lincoln Rhyme zostaje poproszony o pomoc w schwytaniu seryjnego mordercy.','Wczorajszego wieczora ponieważ \"umierałem\" z nudy postanowiłem włączyć telewizor. Jak to zazwyczaj bywa w święta telewizja stara się nadawać w miarę dobre filmy choć nie zawsze jej to wychodzi, tym razem udało im się.\r\n\r\nNa kanale HBO (płatnym -może dla tego film był nowy i bardzo dobry) zobaczyłem hit kinowy \"Kolekcjoner kości\" -thiller (rzecz jasna amerykański) przedstawiał on historię policjanta(Denzel Washington) -doskonałego kryminologa śledczego, który został sparaliżowany podczas jednej ze swoich akcji, policjant zmęczony swoim kalectwem poprosił znajomego lekarza aby ten pomógł mu popełnić samobójstwo.\r\n\r\nJednak po serii porwań i brutalnych morderstw w wyniku, którego mieszkańców Nowego Jorku obleciał potworny strach przed bandytą zmienił się diametralnie jego stosunek do życia. Wraz z młodą policjantką (Angelina Jolie), która jako pierwsza przybyła na miejsce pierwszej zbrodni postanowił rozwiązać zagadkę tajemniczych morderstw, bardzo pomocne w tym okazują się dowody znalezione na miejscu zbrodni, nie są to bynajmniej normalne dowody ponieważ morderca zostawia je specjalnie.\r\n\r\nGdy z pomocą przychodzi im książka wszystko staje się jasne... Niektórzy pod koniec mogą rozczarować się osobą mordercy -przyznam się szczerze, że spodziewałem się kogo innego za maską bandyty. Oprócz znakomitego scenariusza oraz doskonalej gry aktorów (nominowanych do Oscara) film naprawdę trzyma w napięciu do ostatnich minut. A więc jeżeli czujecie się z krwi i z kości prawdziwymi kino maniakami powinniście zobaczyć ten film koniecznie!!! -czasami może warto zaoszczędzić i zamiast szkolnej herbatki i słodkiej bułki wybrać się do wypożyczalni po mniej smacznie brzmiący ale doskonały film \"Kolekcjoner Kości\".','http://1.fwcdn.pl/po/08/49/849/6902062.3.jpg','ogXnEV0B7tg',7.50,'2000-03-03 00:00:00','2015-02-18 21:59:32','Phillip Noyce'),(40,4,'Inside Job','inside-job-',3,'Dokument przedstawia przyczyny kryzysu ekonomicznego z 2008 roku.','Kiedy oglądałem \"Inside Job\", mimowolnie przypomniało mi się zdjęcie, które w 2009 roku przesłała mi znajoma. Na fotografii tłum ludzi pikietujący na Wall Street, a pierwszy plan zdominowany przez banner z zachęcającym hasłem: \"Skaczcie, sk...wiele!\". Nikt jednak nie kwapił się do spełnienia żądań tłuszczy. Odmiennie niż w roku 1929, rekiny finansjery nie musiały obawiać się krachu giełdowego A.D. 2008 - mieli pewność, że ich upadek zamortyzuje zastrzyk środków z Departamentu Skarbu. \r\n\r\nCharles FergusonCharles FergusonCharles Ferguson przybliża widzom okoliczności pęknięcia \"bańki kredytów hipotecznych\" w Stanach Zjednoczonych, upadku Lehman Brothers i skutków, które te wydarzenia przyniosły dla międzynarodowych rynków finansowych. Michael Moore nakręciłby ten dokument zapewne inaczej. Jego mocno lewicujące poglądy, widoczne choćby w \"Kapitalizm, moja miłość\", nie pozwoliłyby na pozbawienie się możliwości komentarza. Ferguson wybrał ton bardziej rzeczowy i analityczne podejście do materiału. Mechanizmy, rządzące współczesnymi operacjami bankowymi, ujawniane są wywiadach z ekonomistami, a wśród nich znajdziemy czołowych graczy biorących udział w wydarzeniach z roku 2008. Komentarz odautorski ograniczony został do minimum. \r\n\r\n\r\nObjawia nam się obraz rynku finansowego, którego deregulacja osiągnęła poziom absolutny. Rynku, którego kluczowi uczestnicy, nie spętani ograniczeniami prawnymi (a tym bardziej etycznymi), skłonni są podejmować maksymalne ryzyko, nie bacząc na ewentualne skutki. \"Zarobisz 2 mln dolarów rocznie, albo... 10 mln dolarów, ale pod warunkiem, że narazisz na ryzyko instytucję finansową, w której pracujesz. Ktoś inny zapłaci rachunek, na pewno nie ty. Podjąłbyś taką decyzję? Większość ludzi z Wall Street odpowiedziałaby: \"Oczywiście, zrobię to\" - mówi Frank Partnoy, ekspert finansowy, autor \"Zaraźliwej chciwości\". \r\n\r\nReżyser ze zdumieniem odkrywa dowody indolencji urzędników Departamentu Skarbu, Banku Rezerw Federalnych i pozostałych ciał nadzorujących amerykański system bankowy. Nie widzieli oni, lub nie chcieli widzieć widma nadciągającego krachu. Zważywszy na ciągłą zamienność stanowisk członków zarządu korporacji w rodzaju Goldman Sachs, czy Citigroup i członków administracji rządowej, rodzą się pewne wątpliwości natury etycznej.  \r\n\r\nPorusza problem mało wiarygodnych agencji ratingowych, które są skłonne manipulować swymi ocenami w zależności od oferowanej przez klienta stawki. I wreszcie, czego dotąd nigdy nie zgłębiano, kwestię wartości opinii \"niezależnych\" ekspertów ekonomicznych z kręgów akademickich. Okazuje się bowiem, iż sześciocyfrowa suma na koncie szanowanego profesora pozwala mu podpisać się pod każdą analizą ekonomiczną. \r\n\r\n\"Inside Job\", mimo przyjętej formuły (\"gadające głowy\"), nie nuży. Wypowiedzi rozmówców układają się w logiczny ciąg - cząstkowy, inaczej być nie może w przypadku dwugodzinnego filmu, obraz nowoczesnej finansjery. Jakkolwiek byłby to obraz negatywny, Ferguson nie usiłuje krytykować kapitalizmu i idei wolnego rynku. Piętnuje raczej aberracje systemu, którego ewolucja doprowadziła do monstrualnych w swych rozmiarach i funkcjonowaniu form. To widzowi pozostawia odpowiedzi na pytania, czy ta \"krecia robota\" jest wpisana nieuchronnie w system i czy zagraża już ona demokracji.','http://1.fwcdn.pl/po/38/64/573864/7444762.3.jpg','FzrBurlJUNk',10.00,'2011-03-11 00:00:00','2015-02-18 22:09:36','Charles Ferguson'),(41,9,'Skazaniec','skazaniec-',4,'Skazany za zabójstwo włamywacza Wade Porter trafia do więzienia o zaostrzonym rygorze. Pod okiem kolegi z celi, mordercy Johna Smitha, uczy się brutalnych zasad, panujących w zakładzie karnym.','Za to właśnie tak bardzo lubię kino. Lubię, bo jest nietuzinkowe, potrafi zaskoczyć mnie z niespodziewanej strony. Tak właśnie jest z filmem \"Skazaniec\", na który trafiłem przypadkiem. Zaciekawił mnie, poruszył i został w \r\npamięci na długo po seansie. Siła tego obrazu tkwi w jego skromności. Tak, bo jest to film niemalże niezależny. Ma wprawdzie aktorów z pierwszej ligi Hollywood, ale nie jest patetyczny i głupi. Scenariusz filmu opiera się na prostej historii, ale jest niezwykle wiarygodny. Reżyserowi udało się zainteresować widza od pierwszej minuty. Dlaczego? Tak jak to miało miejsce w naszym rodzimym \"Długu\", ta historia mogła się przytrafić każdemu. Nie jest przesadzona, przewidywalna i błaha. To historia z życia wzięta, o niesprawiedliwości i okrucieństwie, jakie panują w naszym świecie.  \r\n\r\n\r\nFabułę filmu można streścić w kilku zdaniach. Przykładny mąż i ojciec, praworządny obywatel staje w obronie swojej rodziny. Czyn nieumyślnego spowodowania śmierci napastnika przekreśla jego dotychczasowe życie. Nasz bohater trafia do więzienia, godzi dostaję prawdziwą szkołę życia. Trafia do miejsca, gdzie każdy martwi się o siebie, nawiązując pozorne \"przyjaźnie\".  \r\n\r\nAktorstwo stoi na dobrym poziomie. Widać, że aktorzy dość mocno przywiązali się do przydzielonego im zadania, przez co widz nie zauważa ani jednej fałszywie zagranej nuty. Jest i więzienny klimat, oparty o wysublimowane zdjęcia, oraz niewielką przestrzeń, w której dzieje się akcja. Wszyscy chwalą Vala Kilmera, ale nie wolno zapomnieć o Dorffie, który potrafi zagrać i wściekłego skinheada jak i czułego i sympatycznego faceta. Porusza się w tych sferach bardzo swobodnie, co rusz zaskakując widza. Reżyser nie bawi się w nazbyt patetyczne moralizatorstwo. \r\nJego film jest surowy i chłodny w swojej wymowie. Prosty, ale trafiający w otwartą ranę. Po seansie zostaje tylko ból i żal, że takie rzeczy mają na tym naszym świecie miejsce. Największe zastrzeżenia mam do muzyki, która o dziwo przeszła obok mnie obojętnie, jakby jej w ogóle nie było. \r\n\r\nFilm \"Skazaniec\" nie jest oryginalny. Nie odmieni historii kina, ale dla tych lubujących solidne kino, z poruszającą fabułą, zapisze się złotymi zgłoskami. Nie uraczycie tutaj pościgów, efektów specjalnych ani strzelanin. Tutaj liczy się bohater. Człowiek, który trafił do piekła, za coś co powinno być uznane za bohaterstwo.','http://1.fwcdn.pl/po/42/12/464212/7372964.3.jpg','bt2K7iss5n8',10.00,'2008-07-13 00:00:00','2015-02-18 22:13:32','Ric Roman Waugh'),(42,9,'Sin City - Miasto grzechu','sin-city-miasto-grzechu-',2,'Trzy historie, których akcja rozgrywa się w Basin City - Mieście Grzechu - będącym siedliskiem prostytutek, przestępców i skorumpowanych obrońców prawa.','Całkiem fajny ruchomy komiks. Oczywiście znów u wielu spowoduje całkiem niepotrzebne pytania o przemoc w kinie, o epatowanie śmiercią, seksem itp. bzdury...  \r\nFilm z ograniczeniem wiekowym - dzieci nie wpuszczać, a kto zbyt wrażliwy, niech poogląda np. \"Między Słowami\" - polecam bez krzty ironii. I wszystko będzie w porządku - kto chce ten ogląda, kto nie, to nie i siedzi cicho. \r\n\r\nA przemocy jest sporo, wyrafinowane metody zabijania raz przerażają, a raz śmieszą. Ale prawdę powiedziawszy jak na \"miasto grzechów\" dużo tu co prawda zabijania, no ale ludzie! \"Nie zabijaj\" to tylko jedno z przykazań! Nie samym zabijaniem człowiek grzeszy! A co z nieczystością? Może jestem jakiś niewyżyty, ale scen epatujących erotyzmem, jak na miasto, które spływać ma grzechem jest tu nie za wiele. No nie mówię, żeby od razu pornograficzny filmik z tego robili..., ale można by popracować nad tą warstwą. A może po prostu chcieli zaoszczędzić? Dodatkowe klauzule o scenach łóżkowych kosztują...  \r\n\r\n\r\nScenariusz - widać, że palce maczał Tarantino. Jedno miasto, kilka historii których bohaterowie ocierają się o siebie - skąd my to znamy...  \r\nSame historyjki są różne, choć z biegiem czasu film nabiera rozpędu.  \r\nNajlepszy chyba jest epizod z miastem kobiet, (moja rozpustna dusza znów daje o sobie znać) - wzbudza i ciekawość i buduje świetnie napięcie, bardzo zręczny obrazek.  \r\n\r\nAktorzy? No robią swoje... Rewelacji nie ma... Choć może budzić obawy Frodo (Elijah Wood), któremu najwyraźniej wycieczka po pierścień dała się we znaki, a wakacje w krainie elfów nie pomogły. A poważnie - najlepsze wrażenie robią Clive Owen i Rosario Dawson, Mickey Rourke wypada solidnie, a Willis - no robi to, co zwykle bez wysiłku...  \r\n\r\nRzecz absolutnie fantastyczna w filmie, którą warto zobaczyć, to oczywiście zdjęcia i płynnie wplecione w nie efekty specjalne, które czynią z niego w istocie dynamiczny komiks. To kolejny zwiastun wciąż rozwijającego się kierunku w kinie - który nazwałbym \"wideoklipowym\". Filmy z tego gatunku urzekają bogactwem formy, pozostawiając świadomie na nieco dalszym planie treść. Co ciekawe - nie tworzy się jednak przez to tandety, lecz buduje się nowy gatunek, w którym nowoczesna technika jest używana umiejętnie i z coraz większym kunsztem. Cały film staje się jakby obrazem, galerią ruchomych rysunków.','http://1.fwcdn.pl/po/25/84/112584/7517873.3.jpg','PRtz8JQw01A',7.50,'2005-06-10 00:00:00','2015-02-18 22:18:14','Robert Rodriguez, Frank Miller, Quentin Tarantino'),(43,10,'Plan ucieczki','plan-ucieczki-43',4,'Ray to specjalista od zabezpieczeń więziennych. W trakcie testowania nowego projektu mężczyzna zostaje pozbawiony kontaktu ze swoją ekipą i zdany na siebie.','Dwóch największych twardzieli kina akcji, jakich matka Ziemia nosiła; dwie największe (niemalże dosłownie) ikony męskości lat 80.; w końcu, bohaterowie zamierzchłych czasów VHS-ów... Powyższy opis najlepiej pasuje do dwóch panów, z których jeden zasłynął ogromnymi gabarytami sylwetki oraz rolami Terminatora/Conana, drugi zaś wprawiał w osłupienie niesamowitą rzeźbą niczym z greckiego posągu, prezentując imponującą posturę w serii filmów o Rockym/Rambo. Jakim cudem wspomniani aktorzy nie wystąpili nigdy w duecie na dużym ekranie, Bóg jeden raczy wiedzieć... Pomimo pewnych przymiarek w postaci zatrudnienia Arniego i Slya jako przeciwników w udanym \"Bez twarzy\" Johna Woo czy plotkach o produkcji \"Brutal Deluxe\", również z hollywoodzkimi tytanami, temat rozpływał się niczym tekst pisany palcem po piasku obmywanym falami. W końcu jednak ktoś w Ameryce poszedł po rozum do głowy, decydując się zestawić dwóch mięśniaków w jednej produkcji (dwóch części \"Niezniszczalnych\" nie liczę). Sam fakt obecności Schwarzeneggera i Stallone\'a, stojących ramię w ramię na planie filmu sensacyjnego, pewnikiem rozpalił do czerwoności męską część widowni (bez skojarzeń...). Zapał kinomanów skutecznie ostudził jednak dystrybutor, nie wprowadzając \"Planu ucieczki\" do polskich kin (na pohybel!). Czy słusznie?','http://1.fwcdn.pl/po/35/24/573524/7593596.3.jpg','WU6FBzrxRpE',10.00,'2013-07-18 00:00:00','2015-02-18 23:18:15','Mikael Håfström'),(44,9,'Siedem','siedem-',3,'Dwóch policjantów, żółtodziób i stary wyga, stara się złapać seryjnego mordercę wybierającego swoje ofiary wg specjalnego \"klucza\".','Na początek powiem, że to jeden z tych filmów, które się nie starzeją. Nie ma w nim efektów, które z czasem stają się śmieszne, a problemy dotyczące akcji są ponadczasowe. Rzecz tyczy się ludzkiej skłonności do grzechu i ukazanie tego za pomocą bardzo krwawych, okrutnych obrazów, serwowanych widzowi przez seryjnego zabójcę z misją. \r\n\r\nMamy tu całą paletę świetnych aktorów. O Morganie Freemanie nawet nie muszę wspominać – to aktor z takim dorobkiem, że nie ma chyba osoby, która nie znałaby jego nazwiska. Gwyneth Paltrow stworzyła cudowną, pełną ciepła i miłości postać żony detektywa Millsa. Do Brada Pitta jakoś nie mogę się przekonać, ale muszę przyznać, że w tym filmie zagrał perfekcyjnie. A scena końcowa przykuwa do fotela. Ale i tak nie ma chyba wątpliwości, że główną postacią w \"Siedem\" jest John Doe, grany przez Kevina Spacey\'ego. Uwielbiam tego aktora, podoba mi się w każdej swojej roli. Ma taką specyficzną, ciepłą twarz, pasującą świetnie do postaci kochających ojców czy miłych, nieszkodliwych kosmitów. I właśnie ta twarz sprawia, że jego John Doe tak bardzo przeraża. Ma tak zwichrowaną, a jednocześnie genialną psychikę, że nie sposób go nie podziwiać. \r\n\r\nFabuła opowiada o seryjnym zabójcy, który pragnie pokazać ludziom, jak bardzo są grzeszni. Jego zabójstwa są przerażające, ale każde jest niebywale przemyślane i ma swoje miejsce w wielkim planie Johna. Wszystkie ofiary są ze sobą powiązane, bo każda z nich prezentuje jeden z grzechów głównych. Na przykład \"Obżarstwo\" ukazane jest pod postacią bardzo otyłego mężczyzny, którego morderca zmuszał do nieustannego jedzenia, aż pękł mu żołądek, a \"Lenistwo\" to inny mężczyzna, który cały rok leżał na łóżku, aż zaczął przypominać mumię. \"Pycha\" to piękność, która musiała dokonać dramatycznego wyboru, a \"Żądza\" odbyła zabójczy stosunek. John bawi się w kotka i myszkę z policją, a ta odkrywając kolejne ofiary, jest bezradna. \r\n\r\nFilm jest niesamowicie mroczny. Trochę przypomina mi klimatem \"Celę\", choć tamta produkcja jest bardziej surrealistyczna. Tu mamy do czynienia nie z aktem zemsty na świecie, który tak skrzywdził zabójcę, tylko z misją oczyszczenia go z plugastwa i zmuszeniem ludzi do słuchania. Widzimy ciemne, zrujnowane mieszkania i przerażające pomieszczenia. Ale czy może być inaczej, kiedy akcja dotyczy umysłu zabójcy, niebywale inteligentnego psychopaty? Jak stwierdza sam detektyw Somerset (Freeman), \"on jest metodyczny, dokładny…a co najgorsze, cierpliwy\". I nie wolno go lekceważyć, jak zwykłego wariata. \r\n\r\nNie mamy pojęcia, kto mieszka obok nas. Tak naprawdę nas to nie obchodzi. Dopiero po fakcie, po jakiejś tragedii, przecieramy ze zdumieniem oczy i kręcimy głowami, oszołomieni i wytrąceni z równowagi. John Doe był człowiekiem znikąd. Nikt nic o nim nie wiedział. Nie dał się poznać do samego końca (\"Nieważne, kim jestem. To nie ma żadnego znaczenia\"). Był czyimś sąsiadem i mógł się miło uśmiechać w odpowiedzi na \"dzień dobry\". Nikt nie przypuszczał, że w jego mózgu przez wiele lat dojrzewał przerażający plan. Ilu takich Johnów może żyć obok nas?','http://1.fwcdn.pl/po/07/02/702/6967799.3.jpg','J4YV2_TcCoE',7.50,'1996-02-15 00:00:00','2015-02-19 09:47:00','David Fincher'),(45,6,'Uprowadzona','uprowadzona-',5,'Bryan, były agent służb specjalnych, rusza do Paryża, by ratować swoją 17-letnią córkę porwaną przez gang handlujący kobietami.','Bryan Mills, emerytowany ochroniarz i pracownik wydziału bezpieczeństwa wewnętrznego, to twardy facet. Nieraz dowiódł już swej lojalności i umiejętności radzenia sobie w najtrudniejszych sytuacjach. Teraz, zepchnięty na boczny tor, walczy o kontakt ze swoją nastoletnią córką, Kim. Jej matka, Lenny vel. Lennore, zrobi wszystko, by zatrzymać przy sobie dziewczynę. Wraz ze swoim nowym mężem, milionerem Stuartem, zamykają się w \"mydlanej bańce\" świata ludzi z wyższych sfer. Niestety, los wkrótce okaże się przewrotny i rację będzie miał stary ojciec, którego przestróg nikt nie słuchał. Wakacje w Paryżu skończą się tragiczne – Kim i jej przyjaciółka zostaną porwane. Trop prowadzi do albańskich handlarzy kobietami. Bryan zmuszony będzie po raz ostatni sięgnąć po broń... \r\n\r\nTak w skrócie wygląda zarys fabuły filmu Pierre\'a Morela, będącego połączeniem kina akcji i thrillera. Morel zna się na swoim fachu. Niespełna półtoragodzinny film ogląda się z zapartym tchem. Historia uprowadzonej trzyma w napięciu od początku seansu. Hitchcock mawiał: \"Dobry film to taki, który zaczyna się trzęsieniem ziemi, a później napięcie już tylko rośnie\" – tak też jest w tym przypadku. Poprzez sekwencje popisowych pojedynków wręcz, brawurowych pościgów samochodowych, wraz z Bryanem Millsem widz brnie w sam środek piekła handlu żywym towarem. Podobnie jak matka Kim, nikt nie zdaje sobie sprawy, jak szerokie kręgi zatacza wspomniany proceder. Świat nie jest bezpieczny, a bandyci nie cofną się przed niczym. Liczy się tylko kasa i biznes, nikogo nie obchodzą ludzkie uczucia. \r\n\r\nMorel nie przebiera w środkach. Jego obraz jest mocny i bezpośredni. Liam Neeson sprawdza się znakomicie i to właśnie jego kreacja jest główną siłą napędową filmu. Bryan, specjalista od \"brudnej roboty\", jest brutalny i bezwzględny, zupełnie jak jego przeciwnicy. Z zadziwiającą precyzją dociera do \"wtyczki\" i nie zawaha się zburzyć wieży Eiffla, by uratować córkę. \r\n\r\nDynamizm, montaż i główny bohater to niewątpliwe atuty filmu. Niestety reżyser skupił się jedynie na efektownej stronie wizualnej. W wyniku tej decyzji otrzymujemy ładnie opakowane, puste pudełko. Brak w tym filmie psychologicznej głębi. Nie ma poza tym próby analizy skali zjawiska handlu kobietami, problemu imigrantów czy wreszcie kwestii poświęcenia się idei. Bryan jest bowiem człowiekiem czynu. Jednak poświęcenie krajowi zaowocowało rozpadem jego małżeństwa. Teraz walczy jedynie o poprawę i utrzymanie relacji z córką. \r\n\r\n\"Uprowadzona\" to świetny przykład kina sezonowego, nastawionego na maksymalny skok i niestety bolesny upadek. Pozostaje niedosyt, którego nie rekompensuje dobra zabawa. Poważnym mankamentem, który rzuca się w oczy, jest nieporadność, z jaką reżyser próbuje łączyć sekwencje akcji. Uciekając od \"rzeźni nr 1\" à la Rambo, Pierre Morel stara się zbudować wiarygodny obraz zdesperowanego ojca, który nie cofnie się przed niczym, by odnaleźć dziecko całe i zdrowe. Jednocześnie dialog, który reżyser wplata w fabułę, niepotrzebnie spowalnia akcję. Brak konsekwencji niesie ze sobą komiczne sytuacje i niepotrzebne sceny. Bryan Mills to bohater idealny, po którym można się spodziewać, że z najgorszej opresji wyjdzie bez szwanku. \r\n\r\nWybredny widz może doszukiwać się tutaj krytyki polityki wewnętrznej i relacji ojciec - córka (dodajmy: jedynaczka). Wszelkie próby odczytania tego filmu w szerszym kontekście będą jawną, hipertekstualną nadinterpretacją. Nie znajdziemy w tym filmie niczego poza sprawną realizacją nakierowaną na maksimum emocji. Warto jednak przymknąć oko na wszelkie niedociągnięcia i dać się wciągnąć w strumień czystej akcji. Pod tym względem produkcja wybija się ponad przeciętność.','http://1.fwcdn.pl/po/10/89/401089/7199773.3.jpg','7QV_FPTmeKc',10.00,'2008-08-15 00:00:00','2015-02-19 09:52:03','Pierre Morel');
/*!40000 ALTER TABLE `Movie` ENABLE KEYS */;
UNLOCK TABLES;

--
-- Table structure for table `MovieOrder`
--

DROP TABLE IF EXISTS `MovieOrder`;
/*!40101 SET @saved_cs_client     = @@character_set_client */;
/*!40101 SET character_set_client = utf8 */;
CREATE TABLE `MovieOrder` (
  `id` int(11) NOT NULL AUTO_INCREMENT,
  `user_id` int(11) DEFAULT NULL,
  `orderedAt` datetime NOT NULL,
  `status` varchar(255) COLLATE utf8_unicode_ci NOT NULL,
  `valuePLN` varchar(255) COLLATE utf8_unicode_ci NOT NULL,
  PRIMARY KEY (`id`),
  KEY `IDX_D5F6EE5AA76ED395` (`user_id`),
  CONSTRAINT `FK_D5F6EE5AA76ED395` FOREIGN KEY (`user_id`) REFERENCES `Users` (`id`)
) ENGINE=InnoDB AUTO_INCREMENT=5 DEFAULT CHARSET=utf8 COLLATE=utf8_unicode_ci;
/*!40101 SET character_set_client = @saved_cs_client */;

--
-- Dumping data for table `MovieOrder`
--

LOCK TABLES `MovieOrder` WRITE;
/*!40000 ALTER TABLE `MovieOrder` DISABLE KEYS */;
INSERT INTO `MovieOrder` VALUES (1,1,'2015-02-18 08:28:34','1','30'),(2,1,'2015-02-23 13:34:15','1','17.5'),(3,2,'2015-02-28 10:30:42','1','7.5'),(4,2,'2015-02-28 10:31:26','0','10');
/*!40000 ALTER TABLE `MovieOrder` ENABLE KEYS */;
UNLOCK TABLES;

--
-- Table structure for table `Piosenki`
--

DROP TABLE IF EXISTS `Piosenki`;
/*!40101 SET @saved_cs_client     = @@character_set_client */;
/*!40101 SET character_set_client = utf8 */;
CREATE TABLE `Piosenki` (
  `tytul` varchar(255) NOT NULL DEFAULT '',
  `dlugosc` int(11) DEFAULT NULL,
  `tytulAlbumu` varchar(255) NOT NULL DEFAULT '',
  `rokAlbumu` year(4) NOT NULL DEFAULT '0000',
  PRIMARY KEY (`tytul`,`tytulAlbumu`,`rokAlbumu`)
) ENGINE=InnoDB DEFAULT CHARSET=latin1;
/*!40101 SET character_set_client = @saved_cs_client */;

--
-- Dumping data for table `Piosenki`
--

LOCK TABLES `Piosenki` WRITE;
/*!40000 ALTER TABLE `Piosenki` DISABLE KEYS */;
/*!40000 ALTER TABLE `Piosenki` ENABLE KEYS */;
UNLOCK TABLES;

--
-- Table structure for table `Position`
--

DROP TABLE IF EXISTS `Position`;
/*!40101 SET @saved_cs_client     = @@character_set_client */;
/*!40101 SET character_set_client = utf8 */;
CREATE TABLE `Position` (
  `id` int(11) NOT NULL AUTO_INCREMENT,
  PRIMARY KEY (`id`)
) ENGINE=InnoDB DEFAULT CHARSET=utf8 COLLATE=utf8_unicode_ci;
/*!40101 SET character_set_client = @saved_cs_client */;

--
-- Dumping data for table `Position`
--

LOCK TABLES `Position` WRITE;
/*!40000 ALTER TABLE `Position` DISABLE KEYS */;
/*!40000 ALTER TABLE `Position` ENABLE KEYS */;
UNLOCK TABLES;

--
-- Table structure for table `Producenci`
--

DROP TABLE IF EXISTS `Producenci`;
/*!40101 SET @saved_cs_client     = @@character_set_client */;
/*!40101 SET character_set_client = utf8 */;
CREATE TABLE `Producenci` (
  `id` int(11) NOT NULL,
  `nazwisko` varchar(255) DEFAULT NULL,
  `adres` varchar(255) DEFAULT NULL,
  `wynagrodzenie` double DEFAULT NULL,
  PRIMARY KEY (`id`)
) ENGINE=InnoDB DEFAULT CHARSET=latin1;
/*!40101 SET character_set_client = @saved_cs_client */;

--
-- Dumping data for table `Producenci`
--

LOCK TABLES `Producenci` WRITE;
/*!40000 ALTER TABLE `Producenci` DISABLE KEYS */;
/*!40000 ALTER TABLE `Producenci` ENABLE KEYS */;
UNLOCK TABLES;

--
-- Table structure for table `Reflection`
--

DROP TABLE IF EXISTS `Reflection`;
/*!40101 SET @saved_cs_client     = @@character_set_client */;
/*!40101 SET character_set_client = utf8 */;
CREATE TABLE `Reflection` (
  `id` int(11) NOT NULL AUTO_INCREMENT,
  `title` varchar(50) DEFAULT NULL,
  `reflection` varchar(255) DEFAULT NULL,
  PRIMARY KEY (`id`)
) ENGINE=InnoDB AUTO_INCREMENT=5 DEFAULT CHARSET=latin1;
/*!40101 SET character_set_client = @saved_cs_client */;

--
-- Dumping data for table `Reflection`
--

LOCK TABLES `Reflection` WRITE;
/*!40000 ALTER TABLE `Reflection` DISABLE KEYS */;
INSERT INTO `Reflection` VALUES (1,'',''),(2,'Super','Super!'),(3,'Super!','ZajÄ™cia z pasji :)'),(4,'jest ok','Szybko Ale dobrze. Piotr Kozak');
/*!40000 ALTER TABLE `Reflection` ENABLE KEYS */;
UNLOCK TABLES;

--
-- Table structure for table `Studio`
--

DROP TABLE IF EXISTS `Studio`;
/*!40101 SET @saved_cs_client     = @@character_set_client */;
/*!40101 SET character_set_client = utf8 */;
CREATE TABLE `Studio` (
  `id` int(11) NOT NULL,
  `nazwa` varchar(255) DEFAULT NULL,
  `adres` varchar(255) DEFAULT NULL,
  `idPrezesa` int(11) DEFAULT NULL,
  PRIMARY KEY (`id`)
) ENGINE=InnoDB DEFAULT CHARSET=latin1;
/*!40101 SET character_set_client = @saved_cs_client */;

--
-- Dumping data for table `Studio`
--

LOCK TABLES `Studio` WRITE;
/*!40000 ALTER TABLE `Studio` DISABLE KEYS */;
INSERT INTO `Studio` VALUES (1,'Monroeaa','krk 234',1);
/*!40000 ALTER TABLE `Studio` ENABLE KEYS */;
UNLOCK TABLES;

--
-- Table structure for table `Tag`
--

DROP TABLE IF EXISTS `Tag`;
/*!40101 SET @saved_cs_client     = @@character_set_client */;
/*!40101 SET character_set_client = utf8 */;
CREATE TABLE `Tag` (
  `id` int(11) NOT NULL AUTO_INCREMENT,
  `tag_name` varchar(20) COLLATE utf8_unicode_ci NOT NULL,
  PRIMARY KEY (`id`)
) ENGINE=InnoDB DEFAULT CHARSET=utf8 COLLATE=utf8_unicode_ci;
/*!40101 SET character_set_client = @saved_cs_client */;

--
-- Dumping data for table `Tag`
--

LOCK TABLES `Tag` WRITE;
/*!40000 ALTER TABLE `Tag` DISABLE KEYS */;
/*!40000 ALTER TABLE `Tag` ENABLE KEYS */;
UNLOCK TABLES;

--
-- Table structure for table `Thread`
--

DROP TABLE IF EXISTS `Thread`;
/*!40101 SET @saved_cs_client     = @@character_set_client */;
/*!40101 SET character_set_client = utf8 */;
CREATE TABLE `Thread` (
  `id` int(11) NOT NULL AUTO_INCREMENT,
  `title` varchar(255) COLLATE utf8_unicode_ci NOT NULL,
  `content` longtext COLLATE utf8_unicode_ci NOT NULL,
  `slug` varchar(255) COLLATE utf8_unicode_ci NOT NULL,
  `createdAt` datetime NOT NULL,
  PRIMARY KEY (`id`)
) ENGINE=InnoDB AUTO_INCREMENT=4 DEFAULT CHARSET=utf8 COLLATE=utf8_unicode_ci;
/*!40101 SET character_set_client = @saved_cs_client */;

--
-- Dumping data for table `Thread`
--

LOCK TABLES `Thread` WRITE;
/*!40000 ALTER TABLE `Thread` DISABLE KEYS */;
INSERT INTO `Thread` VALUES (2,'Pierwszy post','To jest pierwszy post','pierwszy-post','2009-01-01 00:00:00'),(3,'Drugi post','To jest post numer 2','drugi-post','2009-01-01 00:00:00');
/*!40000 ALTER TABLE `Thread` ENABLE KEYS */;
UNLOCK TABLES;

--
-- Table structure for table `Users`
--

DROP TABLE IF EXISTS `Users`;
/*!40101 SET @saved_cs_client     = @@character_set_client */;
/*!40101 SET character_set_client = utf8 */;
CREATE TABLE `Users` (
  `id` int(11) NOT NULL AUTO_INCREMENT,
  `username` varchar(255) COLLATE utf8_unicode_ci NOT NULL,
  `username_canonical` varchar(255) COLLATE utf8_unicode_ci NOT NULL,
  `email` varchar(255) COLLATE utf8_unicode_ci NOT NULL,
  `email_canonical` varchar(255) COLLATE utf8_unicode_ci NOT NULL,
  `enabled` tinyint(1) NOT NULL,
  `salt` varchar(255) COLLATE utf8_unicode_ci NOT NULL,
  `password` varchar(255) COLLATE utf8_unicode_ci NOT NULL,
  `last_login` datetime DEFAULT NULL,
  `locked` tinyint(1) NOT NULL,
  `expired` tinyint(1) NOT NULL,
  `expires_at` datetime DEFAULT NULL,
  `confirmation_token` varchar(255) COLLATE utf8_unicode_ci DEFAULT NULL,
  `password_requested_at` datetime DEFAULT NULL,
  `roles` longtext COLLATE utf8_unicode_ci NOT NULL COMMENT '(DC2Type:array)',
  `credentials_expired` tinyint(1) NOT NULL,
  `credentials_expire_at` datetime DEFAULT NULL,
  `imie` varchar(255) COLLATE utf8_unicode_ci NOT NULL,
  `nazwisko` varchar(255) COLLATE utf8_unicode_ci NOT NULL,
  PRIMARY KEY (`id`),
  UNIQUE KEY `UNIQ_D5428AED92FC23A8` (`username_canonical`),
  UNIQUE KEY `UNIQ_D5428AEDA0D96FBF` (`email_canonical`)
) ENGINE=InnoDB AUTO_INCREMENT=3 DEFAULT CHARSET=utf8 COLLATE=utf8_unicode_ci;
/*!40101 SET character_set_client = @saved_cs_client */;

--
-- Dumping data for table `Users`
--

LOCK TABLES `Users` WRITE;
/*!40000 ALTER TABLE `Users` DISABLE KEYS */;
INSERT INTO `Users` VALUES (1,'admin','admin','admin@admin.pl','admin@admin.pl',1,'dmdu7qevggocgsc0sosw0owc44k480g','7jy0AKEpKx01Y/TAuXzzrE2FAvaCq44sLA8LuJyVtn0UkAmucoeGqfynDc+NYuzhoRfEVuO5REUELs0OHP7teQ==','2015-02-23 13:12:51',0,0,NULL,NULL,NULL,'a:1:{i:0;s:10:\"ROLE_ADMIN\";}',0,NULL,'admin','admin'),(2,'user','user','user@user.pl','user@user.pl',1,'f024upfkdu04kw4k80w4ckcgw4gk8kw','kSBeFF4emVIfp3pCliTBv8xhamGLsIwZUecEYt9ouvoVuBZGI0nnLo8I4/ktplhPlxn/bEsKsGus18aaLZxcyw==','2015-02-28 10:30:28',0,0,NULL,NULL,NULL,'a:1:{i:0;s:9:\"ROLE_USER\";}',0,NULL,'Użytkownik','Użytkownikowy');
/*!40000 ALTER TABLE `Users` ENABLE KEYS */;
UNLOCK TABLES;

--
-- Table structure for table `Wykonawcy`
--

DROP TABLE IF EXISTS `Wykonawcy`;
/*!40101 SET @saved_cs_client     = @@character_set_client */;
/*!40101 SET character_set_client = utf8 */;
CREATE TABLE `Wykonawcy` (
  `id` int(11) NOT NULL,
  `nazwisko` varchar(255) DEFAULT NULL,
  `adres` varchar(255) DEFAULT NULL,
  `plec` varchar(1) DEFAULT NULL,
  `dataUrodzenia` date DEFAULT NULL,
  PRIMARY KEY (`id`)
) ENGINE=InnoDB DEFAULT CHARSET=latin1;
/*!40101 SET character_set_client = @saved_cs_client */;

--
-- Dumping data for table `Wykonawcy`
--

LOCK TABLES `Wykonawcy` WRITE;
/*!40000 ALTER TABLE `Wykonawcy` DISABLE KEYS */;
/*!40000 ALTER TABLE `Wykonawcy` ENABLE KEYS */;
UNLOCK TABLES;

--
-- Table structure for table `feed_tag`
--

DROP TABLE IF EXISTS `feed_tag`;
/*!40101 SET @saved_cs_client     = @@character_set_client */;
/*!40101 SET character_set_client = utf8 */;
CREATE TABLE `feed_tag` (
  `feed_id` int(11) NOT NULL,
  `tag_id` int(11) NOT NULL,
  PRIMARY KEY (`feed_id`,`tag_id`),
  KEY `IDX_F1052B1651A5BC03` (`feed_id`),
  KEY `IDX_F1052B16BAD26311` (`tag_id`),
  CONSTRAINT `FK_F1052B1651A5BC03` FOREIGN KEY (`feed_id`) REFERENCES `Feed` (`id`),
  CONSTRAINT `FK_F1052B16BAD26311` FOREIGN KEY (`tag_id`) REFERENCES `Tag` (`id`)
) ENGINE=InnoDB DEFAULT CHARSET=utf8 COLLATE=utf8_unicode_ci;
/*!40101 SET character_set_client = @saved_cs_client */;

--
-- Dumping data for table `feed_tag`
--

LOCK TABLES `feed_tag` WRITE;
/*!40000 ALTER TABLE `feed_tag` DISABLE KEYS */;
/*!40000 ALTER TABLE `feed_tag` ENABLE KEYS */;
UNLOCK TABLES;

--
-- Table structure for table `movies_orders`
--

DROP TABLE IF EXISTS `movies_orders`;
/*!40101 SET @saved_cs_client     = @@character_set_client */;
/*!40101 SET character_set_client = utf8 */;
CREATE TABLE `movies_orders` (
  `order_id` int(11) NOT NULL,
  `movie_id` int(11) NOT NULL,
  PRIMARY KEY (`order_id`,`movie_id`),
  KEY `IDX_92532F5A8D9F6D38` (`order_id`),
  KEY `IDX_92532F5A8F93B6FC` (`movie_id`),
  CONSTRAINT `FK_92532F5A8D9F6D38` FOREIGN KEY (`order_id`) REFERENCES `MovieOrder` (`id`) ON DELETE CASCADE,
  CONSTRAINT `FK_92532F5A8F93B6FC` FOREIGN KEY (`movie_id`) REFERENCES `Movie` (`id`) ON DELETE CASCADE
) ENGINE=InnoDB DEFAULT CHARSET=utf8 COLLATE=utf8_unicode_ci;
/*!40101 SET character_set_client = @saved_cs_client */;

--
-- Dumping data for table `movies_orders`
--

LOCK TABLES `movies_orders` WRITE;
/*!40000 ALTER TABLE `movies_orders` DISABLE KEYS */;
INSERT INTO `movies_orders` VALUES (1,6),(1,7),(2,44),(2,45),(3,44),(4,45);
/*!40000 ALTER TABLE `movies_orders` ENABLE KEYS */;
UNLOCK TABLES;

--
-- Table structure for table `pkozak_user`
--

DROP TABLE IF EXISTS `pkozak_user`;
/*!40101 SET @saved_cs_client     = @@character_set_client */;
/*!40101 SET character_set_client = utf8 */;
CREATE TABLE `pkozak_user` (
  `id` int(11) NOT NULL AUTO_INCREMENT,
  `username` varchar(255) COLLATE utf8_unicode_ci NOT NULL,
  `username_canonical` varchar(255) COLLATE utf8_unicode_ci NOT NULL,
  `email` varchar(255) COLLATE utf8_unicode_ci NOT NULL,
  `email_canonical` varchar(255) COLLATE utf8_unicode_ci NOT NULL,
  `enabled` tinyint(1) NOT NULL,
  `salt` varchar(255) COLLATE utf8_unicode_ci NOT NULL,
  `password` varchar(255) COLLATE utf8_unicode_ci NOT NULL,
  `last_login` datetime DEFAULT NULL,
  `locked` tinyint(1) NOT NULL,
  `expired` tinyint(1) NOT NULL,
  `expires_at` datetime DEFAULT NULL,
  `confirmation_token` varchar(255) COLLATE utf8_unicode_ci DEFAULT NULL,
  `password_requested_at` datetime DEFAULT NULL,
  `roles` longtext COLLATE utf8_unicode_ci NOT NULL COMMENT '(DC2Type:array)',
  `credentials_expired` tinyint(1) NOT NULL,
  `credentials_expire_at` datetime DEFAULT NULL,
  PRIMARY KEY (`id`),
  UNIQUE KEY `UNIQ_5B8E363292FC23A8` (`username_canonical`),
  UNIQUE KEY `UNIQ_5B8E3632A0D96FBF` (`email_canonical`)
) ENGINE=InnoDB AUTO_INCREMENT=2 DEFAULT CHARSET=utf8 COLLATE=utf8_unicode_ci;
/*!40101 SET character_set_client = @saved_cs_client */;

--
-- Dumping data for table `pkozak_user`
--

LOCK TABLES `pkozak_user` WRITE;
/*!40000 ALTER TABLE `pkozak_user` DISABLE KEYS */;
INSERT INTO `pkozak_user` VALUES (1,'dev','dev','dev@o2.pl','dev@o2.pl',1,'215ggx0s1h8g8coswc4gsg88o4k4oss','vx6OPau10mRoEhZevuiYRYqn8l59LsrqthiKpWnohgXrtc6epItjAKC0arqQa/6Wr9ERH4vb2qL1FAabar4D1Q==','2015-01-21 09:03:12',0,0,NULL,NULL,NULL,'a:0:{}',0,NULL);
/*!40000 ALTER TABLE `pkozak_user` ENABLE KEYS */;
UNLOCK TABLES;
/*!40103 SET TIME_ZONE=@OLD_TIME_ZONE */;

/*!40101 SET SQL_MODE=@OLD_SQL_MODE */;
/*!40014 SET FOREIGN_KEY_CHECKS=@OLD_FOREIGN_KEY_CHECKS */;
/*!40014 SET UNIQUE_CHECKS=@OLD_UNIQUE_CHECKS */;
/*!40101 SET CHARACTER_SET_CLIENT=@OLD_CHARACTER_SET_CLIENT */;
/*!40101 SET CHARACTER_SET_RESULTS=@OLD_CHARACTER_SET_RESULTS */;
/*!40101 SET COLLATION_CONNECTION=@OLD_COLLATION_CONNECTION */;
/*!40111 SET SQL_NOTES=@OLD_SQL_NOTES */;

-- Dump completed on 2017-02-08 21:37:49
